parcel_id,platform_id,true_release_time,observed_release_time,true_deadline,observed_deadline,is_delayed,weight,fare,location_node,lng,lat
64715,P3,0.0,0.0,1063.0,1063.0,False,0.45,8.0,4572410074,30.6968067,103.9778626
125027,P3,0.0,0.0,5123.0,5123.0,False,0.09,8.0,4548259685,30.69079,104.04766
126169,P3,0.0,0.0,5123.0,5123.0,False,0.09,8.0,2366951323,30.6480711,104.1134414
162219,P3,0.0,0.0,5656.0,5656.0,False,2.55,11.1,1458911516,30.6773932,104.0909244
174323,P3,0.0,0.0,6043.0,6043.0,False,1.08,8.16,2039550419,30.6384474,104.1095985
177546,P3,0.0,0.0,6043.0,6043.0,False,1.08,8.16,4693609964,30.6299579,104.072038
79187,P3,0.0,0.0,6043.0,6043.0,False,1.08,8.16,3516896165,30.666302,104.07217
169024,P3,0.0,0.0,6826.0,6826.0,False,1.73,9.46,1445523376,30.649645,104.0650195
111667,P3,0.0,0.0,6855.0,6855.0,False,1.36,8.72,5213238430,30.66019,104.07225
2744,P3,0.0,0.0,6855.0,6855.0,False,1.36,8.72,4779165786,30.633853,104.0737251
27727,P3,0.0,0.0,8844.0,8844.0,False,0.17,8.0,672360528,30.64866,104.09238
10197,P3,0.0,0.0,8992.0,8992.0,False,0.43,8.0,439751915,30.6789847,103.9897613
71619,P3,0.0,0.0,9771.0,9771.0,False,0.96,8.0,441187228,30.67023,104.0634
46779,P3,0.0,0.0,12498.0,12498.0,False,0.44,8.0,3742070456,30.648038,104.0907351
95031,P3,0.0,0.0,13005.0,13005.0,False,0.6,8.0,1861145348,30.67245,104.10944
201825,P3,0.0,0.0,14262.0,14262.0,False,0.79,8.0,5367297693,30.6988287,104.0061489
134795,P3,1.0,1.0,2576.0,2576.0,False,0.78,8.0,4772463299,30.6625014,104.0446051
5040,P3,1.0,1.0,3757.0,3757.0,False,1.19,8.38,4772463288,30.6613994,104.0440824
111093,P3,1.0,1.0,3872.0,3872.0,False,1.05,8.1,4548318161,30.6319802,104.092318
7938,P3,1.0,1.0,5050.0,5050.0,False,0.62,8.0,5141328510,30.6115152,104.0574439
160775,P3,1.0,1.0,6861.0,6861.0,False,1.6,9.2,1159148928,30.65808,104.0726539
191909,P3,1.0,1.0,7022.0,7022.0,False,2.96,11.92,1459023387,30.644176,104.1108717
155425,P3,1.0,1.0,9823.0,9823.0,False,2.03,10.06,5141468685,30.6375532,104.0942474
79722,P3,1.0,1.0,10779.0,10779.0,False,1.77,9.54,5436607834,30.6359382,104.0633514
106020,P3,1.0,1.0,11965.0,11965.0,False,2.12,10.24,1305816719,30.6489617,104.0824983
39932,P3,1.0,1.0,13551.0,13551.0,False,1.74,9.48,4699007138,30.610447,104.0398246
132335,P3,1.0,1.0,14096.0,14096.0,False,0.59,8.0,4548211429,30.6802549,104.0589444
123477,P3,2.0,2.0,3548.0,3548.0,False,1.49,8.98,4106682214,30.6682063,103.9985117
179178,P3,2.0,2.0,4428.0,4428.0,False,2.18,10.36,5375783868,30.6617396,103.9979022
163348,P3,2.0,2.0,5572.0,5572.0,False,2.43,10.86,1902099114,30.7170136,104.0650157
179227,P3,2.0,2.0,7476.0,7476.0,False,0.54,8.0,2041527471,30.6913485,104.0974473
7612,P3,2.0,2.0,7476.0,7476.0,False,0.54,8.0,2213049521,30.6190829,104.1093596
66162,P3,2.0,2.0,9526.0,9526.0,False,1.03,8.06,1504199880,30.7097856,104.0968389
103277,P3,2.0,2.0,10833.0,10833.0,False,0.66,8.0,671591330,30.6751212,104.0554058
153762,P3,2.0,2.0,12374.0,12374.0,False,1.65,9.3,2118898633,30.7119371,104.0782311
804,P3,2.0,2.0,12401.0,12401.0,False,0.96,8.0,4548259514,30.6543828,104.0157074
141289,P3,2.0,2.0,13235.0,13235.0,False,1.82,9.64,1159134952,30.6766528,104.0902698
75674,P3,2.0,2.0,13235.0,13235.0,False,1.82,9.64,4572410255,30.6847753,104.0699826
16907,P3,3.0,3.0,3800.0,3800.0,False,2.57,11.14,1159229836,30.675097,104.08588
139158,P3,3.0,3.0,6792.0,6792.0,False,2.52,11.04,4548211678,30.6290729,104.0969495
6348,P3,3.0,3.0,9189.0,9189.0,False,1.72,9.44,4923124758,30.6109402,104.0683088
129747,P3,3.0,3.0,13583.0,13583.0,False,0.71,8.0,1301933029,30.65389,104.06933
43867,P3,4.0,4.0,4264.0,4264.0,False,0.14,8.0,1305816733,30.648542,104.08631
184671,P3,4.0,4.0,7737.0,7737.0,False,1.64,9.28,1964301825,30.6731621,104.0877341
136364,P3,4.0,4.0,11750.0,11750.0,False,1.42,8.84,4230611280,30.6547707,104.0663872
29329,P3,5.0,5.0,4354.0,4354.0,False,0.2,8.0,5218240007,30.7007479,104.0527411
89064,P3,5.0,5.0,4354.0,4354.0,False,0.2,8.0,1458947310,30.6772008,104.0909144
21687,P3,5.0,5.0,5213.0,5213.0,False,0.33,8.0,1819305271,30.6396884,104.1082506
36564,P3,5.0,5.0,5818.0,5818.0,False,1.16,8.32,3196147288,30.7247343,104.0760184
66722,P3,5.0,5.0,5818.0,5818.0,False,1.16,8.32,5375783956,30.6627362,103.9978362
202911,P3,5.0,5.0,5962.0,5962.0,False,1.6,9.2,1819305278,30.6383,104.10737
43241,P3,5.0,5.0,5962.0,5962.0,False,1.6,9.2,2651588762,30.6690205,104.100634
160446,P3,5.0,5.0,6722.0,6722.0,False,0.88,8.0,1159513112,30.6478853,104.0725258
19410,P3,5.0,5.0,6722.0,6722.0,False,0.88,8.0,5141328653,30.6135957,104.0629076
28115,P3,5.0,5.0,7072.0,7072.0,False,2.25,10.5,1159941942,30.6672644,104.0211265
124096,P3,5.0,5.0,7137.0,7137.0,False,1.24,8.48,441187385,30.6883348,104.0637243
161382,P3,5.0,5.0,8250.0,8250.0,False,0.22,8.0,4967265776,30.7076058,104.0142672
177937,P3,5.0,5.0,8497.0,8497.0,False,0.64,8.0,4548259642,30.6675864,104.0056781
1119,P3,5.0,5.0,9037.0,9037.0,False,0.42,8.0,3541404998,30.683483,104.04994
82927,P3,6.0,6.0,3635.0,3635.0,False,0.72,8.0,5213238503,30.660376,104.073074
72003,P3,6.0,6.0,5071.0,5071.0,False,0.29,8.0,2539837361,30.7054771,104.0922147
100716,P3,6.0,6.0,7048.0,7048.0,False,0.1,8.0,3069352154,30.6390685,103.9784822
178251,P3,6.0,6.0,7860.0,7860.0,False,1.12,8.24,4550018967,30.6328134,103.9804594
136416,P3,6.0,6.0,8324.0,8324.0,False,0.58,8.0,2733352548,30.6168435,104.0797026
62583,P3,6.0,6.0,9205.0,9205.0,False,1.98,9.96,5034131303,30.6513901,103.990594
117590,P3,6.0,6.0,9854.0,9854.0,False,1.54,9.08,3680455717,30.6586496,104.012914
18082,P3,6.0,6.0,11668.0,11668.0,False,1.97,9.94,2118910078,30.70893,104.0898666
32771,P3,6.0,6.0,13038.0,13038.0,False,0.99,8.0,4550018616,30.648849,104.0703341
87224,P3,7.0,7.0,2912.0,2912.0,False,1.0,8.0,4547074304,30.6107818,104.0749601
101732,P3,7.0,7.0,7533.0,7533.0,False,0.55,8.0,432432595,30.6583768,104.0317481
73252,P3,7.0,7.0,7925.0,7925.0,False,1.57,9.14,1159148358,30.663903,104.0750029
207028,P3,7.0,7.0,9813.0,9813.0,False,0.62,8.0,4550018805,30.620037,104.0118693
19410,P3,7.0,7.0,9876.0,9876.0,False,2.32,10.64,432452904,30.614518,104.0746835
48588,P3,7.0,7.0,9876.0,9876.0,False,2.32,10.64,4695640636,30.6114832,104.0243946
48911,P3,7.0,7.0,10939.0,10939.0,False,1.95,9.9,4550769795,30.65083,104.10966
58452,P3,7.0,7.0,13100.0,13100.0,False,0.37,8.0,4779165781,30.6360577,104.0730284
57124,P3,8.0,8.0,1868.0,1868.0,False,2.76,11.52,5141328741,30.6122128,104.0635145
190439,P3,8.0,8.0,5047.0,5047.0,False,1.64,9.28,3516900122,30.67058,104.0725
196269,P3,8.0,8.0,5425.0,5425.0,False,2.06,10.12,2907362943,30.6406363,104.0978078
133428,P3,8.0,8.0,7249.0,7249.0,False,0.2,8.0,4548141067,30.6253295,104.0742518
126115,P3,8.0,8.0,9322.0,9322.0,False,0.14,8.0,1815741542,30.69018,104.07667
1126,P3,8.0,8.0,10488.0,10488.0,False,0.49,8.0,1388442962,30.6477004,104.0724143
38535,P3,8.0,8.0,11627.0,11627.0,False,0.89,8.0,2039561237,30.68099,104.1033
29083,P3,8.0,8.0,13741.0,13741.0,False,1.83,9.66,1159143854,30.678293,104.08206
172435,P3,9.0,9.0,5646.0,5646.0,False,1.21,8.42,4106682094,30.6426409,103.9832551
146754,P3,9.0,9.0,6807.0,6807.0,False,0.56,8.0,2915973106,30.6392139,104.1150132
2890,P3,9.0,9.0,7091.0,7091.0,False,0.63,8.0,3034029045,30.6913279,104.0063866
198112,P3,9.0,9.0,7853.0,7853.0,False,1.09,8.18,5141458200,30.6324861,104.0709598
46519,P3,9.0,9.0,8516.0,8516.0,False,1.04,8.08,432429412,30.6353697,104.0424329
191175,P3,9.0,9.0,9798.0,9798.0,False,1.06,8.12,4548211641,30.67081,104.06192
57969,P3,9.0,9.0,12201.0,12201.0,False,1.58,9.16,2315717850,30.6346176,104.1006639
193971,P3,10.0,10.0,3333.0,3333.0,False,2.06,10.12,2712314631,30.7073306,104.0370666
143857,P3,10.0,10.0,4773.0,4773.0,False,1.0,8.0,4782067655,30.625138,104.0269049
190485,P3,10.0,10.0,5679.0,5679.0,False,1.65,9.3,1507367048,30.6958994,104.0836976
160185,P3,10.0,10.0,6209.0,6209.0,False,1.26,8.52,4772448420,30.6815178,104.0076243
145121,P3,10.0,10.0,7420.0,7420.0,False,0.27,8.0,1072698542,30.6970816,104.0637742
117330,P3,10.0,10.0,8909.0,8909.0,False,1.74,9.48,1819305287,30.6163596,104.0911568
174643,P3,10.0,10.0,8909.0,8909.0,False,1.74,9.48,3034393457,30.66778,104.05507
71552,P3,10.0,10.0,14234.0,14234.0,False,0.25,8.0,2041314666,30.6792958,104.1007694
124978,P3,11.0,11.0,5682.0,5682.0,False,1.78,9.56,672360698,30.6502109,104.0726291
23554,P3,11.0,11.0,7513.0,7513.0,False,2.44,10.88,1159131822,30.6658182,104.0810467
64411,P3,11.0,11.0,7781.0,7781.0,False,0.6,8.0,1947583808,30.69441,104.08024
135987,P3,11.0,11.0,9630.0,9630.0,False,0.67,8.0,4218012692,30.6283062,104.0434778
30543,P3,12.0,12.0,5485.0,5485.0,False,0.98,8.0,672349507,30.7136199,104.072739
67741,P3,12.0,12.0,5485.0,5485.0,False,0.98,8.0,5375783868,30.6617396,103.9979022
94719,P3,12.0,12.0,6939.0,6939.0,False,0.33,8.0,4903112583,30.65803,104.07855
120980,P3,12.0,12.0,10447.0,10447.0,False,1.21,8.42,432442519,30.683134,104.0127396
120615,P3,13.0,13.0,5616.0,5616.0,False,1.81,9.62,4437994407,30.6906596,104.0948537
33188,P3,13.0,13.0,5616.0,5616.0,False,1.81,9.62,441159325,30.7208459,104.1072392
88139,P3,13.0,13.0,6244.0,6244.0,False,4.56,15.12,4550769855,30.6318329,104.0996223
36136,P3,13.0,13.0,6832.0,6832.0,False,0.37,8.0,4987535051,30.6329772,104.0068797
110959,P3,13.0,13.0,7869.0,7869.0,False,1.05,8.1,4695601300,30.6113139,104.0294033
199635,P3,13.0,13.0,8635.0,8635.0,False,1.62,9.24,1861145350,30.671179,104.10969
20175,P3,13.0,13.0,14356.0,14356.0,False,0.25,8.0,2041527427,30.68988,104.09218
137983,P3,14.0,14.0,3510.0,3510.0,False,1.84,9.68,4773199416,30.6696427,104.0113671
128899,P3,14.0,14.0,5643.0,5643.0,False,0.39,8.0,4693609802,30.635007,104.0685679
72019,P3,14.0,14.0,5876.0,5876.0,False,0.01,8.0,5213253142,30.6656392,104.1094973
2888,P3,14.0,14.0,7599.0,7599.0,False,1.02,8.04,432442593,30.6859851,104.0198958
154016,P3,14.0,14.0,8837.0,8837.0,False,0.43,8.0,5283966328,30.7032603,104.0947294
157989,P3,14.0,14.0,8996.0,8996.0,False,0.65,8.0,3582961910,30.6431788,104.0360662
611,P3,14.0,14.0,10255.0,10255.0,False,0.4,8.0,3562055478,30.718763,104.03774
151407,P3,14.0,14.0,10999.0,10999.0,False,0.64,8.0,4772216921,30.6792894,104.0076746
191595,P3,14.0,14.0,12015.0,12015.0,False,0.73,8.0,4972899561,30.6209499,104.0489497
179519,P3,14.0,14.0,12678.0,12678.0,False,0.75,8.0,3087817489,30.6636698,104.0101255
134708,P3,15.0,15.0,2617.0,2617.0,False,2.66,11.32,2662847700,30.6784339,103.994226
169287,P3,15.0,15.0,4817.0,4817.0,False,0.63,8.0,1507337734,30.6969488,104.0747885
176513,P3,15.0,15.0,4817.0,4817.0,False,0.63,8.0,2315717685,30.6295811,104.0975905
88708,P3,15.0,15.0,8284.0,8284.0,False,0.01,8.0,5336411841,30.6456972,104.0350005
101207,P3,15.0,15.0,9638.0,9638.0,False,0.52,8.0,2726912095,30.679138,104.069115
144092,P3,15.0,15.0,12823.0,12823.0,False,1.67,9.34,1492582891,30.6261835,104.0643868
80303,P3,15.0,15.0,13101.0,13101.0,False,0.33,8.0,1507236182,30.7113945,104.0782121
56645,P3,15.0,15.0,13762.0,13762.0,False,1.27,8.54,2712338400,30.7070407,104.0384171
32605,P3,16.0,16.0,7361.0,7361.0,False,2.3,10.6,4437994403,30.6896657,104.0965366
18407,P3,16.0,16.0,10953.0,10953.0,False,0.1,8.0,4550018927,30.6468067,104.0783718
155075,P3,17.0,17.0,2243.0,2243.0,False,2.41,10.82,3445813553,30.664565,104.0733284
11196,P3,17.0,17.0,3782.0,3782.0,False,1.9,9.8,4695701806,30.6125688,104.0201588
204669,P3,17.0,17.0,3814.0,3814.0,False,1.42,8.84,2313566057,30.6478374,104.0699264
62372,P3,17.0,17.0,6602.0,6602.0,False,1.38,8.76,4699007266,30.6122408,104.0377796
88187,P3,17.0,17.0,6602.0,6602.0,False,1.38,8.76,3089029134,30.6623049,104.0486799
124866,P3,17.0,17.0,7249.0,7249.0,False,1.34,8.68,4987536572,30.6424125,103.9960101
80949,P3,17.0,17.0,7428.0,7428.0,False,1.1,8.2,4106681977,30.6418401,103.9777605
85902,P3,17.0,17.0,8693.0,8693.0,False,1.65,9.3,2852215053,30.7159354,104.1016384
30243,P3,17.0,17.0,9256.0,9256.0,False,0.66,8.0,314614358,30.6303817,104.0455141
167531,P3,18.0,18.0,2694.0,2694.0,False,0.49,8.0,3034393462,30.683681,104.048965
28605,P3,18.0,18.0,3253.0,3253.0,False,0.97,8.0,4550568579,30.6358321,104.0639668
31516,P3,18.0,18.0,3479.0,3479.0,False,1.97,9.94,1459075946,30.6462151,104.1075614
12311,P3,18.0,18.0,5531.0,5531.0,False,0.49,8.0,3333358469,30.7037607,104.0665976
129392,P3,18.0,18.0,6132.0,6132.0,False,0.76,8.0,5422574947,30.6926567,104.0775134
86896,P3,18.0,18.0,6145.0,6145.0,False,0.09,8.0,1159453941,30.6612497,104.0448629
154958,P3,18.0,18.0,7967.0,7967.0,False,2.71,11.42,3693431549,30.6475686,104.0349116
32331,P3,18.0,18.0,8069.0,8069.0,False,0.91,8.0,3613960020,30.672453,104.0499
147111,P3,18.0,18.0,8533.0,8533.0,False,1.32,8.64,1455099101,30.69534,104.1045
132887,P3,18.0,18.0,9827.0,9827.0,False,1.98,9.96,1947583808,30.6942533,104.0805489
32873,P3,18.0,18.0,9827.0,9827.0,False,1.98,9.96,3927877874,30.6766776,103.9867634
29046,P3,18.0,18.0,10057.0,10057.0,False,1.3,8.6,4934383662,30.6183255,104.1124386
128585,P3,18.0,18.0,11705.0,11705.0,False,0.45,8.0,4230611267,30.6512533,104.07104
65191,P3,18.0,18.0,13030.0,13030.0,False,0.09,8.0,1159137575,30.656363,104.09302
178312,P3,19.0,19.0,2527.0,2527.0,False,0.01,8.0,4106681954,30.6291354,104.0038731
175225,P3,19.0,19.0,5349.0,5349.0,False,0.2,8.0,432429383,30.6392966,104.0528762
38232,P3,19.0,19.0,6039.0,6039.0,False,0.72,8.0,4548259514,30.6543828,104.0157074
52475,P3,19.0,19.0,9649.0,9649.0,False,0.96,8.0,3633018387,30.66608,104.0634
162955,P3,19.0,19.0,11501.0,11501.0,False,0.89,8.0,1159931303,30.6762745,103.9825869
154021,P3,19.0,19.0,13718.0,13718.0,False,2.06,10.12,4547074305,30.611027,104.0696888
106953,P3,20.0,20.0,4032.0,4032.0,False,0.42,8.0,5053143825,30.7157443,104.0141001
168622,P3,20.0,20.0,6231.0,6231.0,False,1.4,8.8,3562110266,30.6531435,104.0158907
28642,P3,20.0,20.0,7257.0,7257.0,False,1.69,9.38,5218133093,30.636983,104.1055708
175002,P3,20.0,20.0,11844.0,11844.0,False,0.54,8.0,2315717850,30.6346176,104.1006639
24232,P3,20.0,20.0,11844.0,11844.0,False,0.54,8.0,441187223,30.6692467,104.0578002
86372,P3,20.0,20.0,12017.0,12017.0,False,2.73,11.46,1507338764,30.6968429,104.0755764
51824,P3,21.0,21.0,7921.0,7921.0,False,2.05,10.1,1492607688,30.6221993,104.0644785
176390,P3,21.0,21.0,8187.0,8187.0,False,0.93,8.0,1159477630,30.6732712,104.0543974
104987,P3,22.0,22.0,3260.0,3260.0,False,0.08,8.0,4634806780,30.6511503,104.1108874
87129,P3,22.0,22.0,5207.0,5207.0,False,0.02,8.0,2282013902,30.6183466,103.9664428
178286,P3,22.0,22.0,6683.0,6683.0,False,1.44,8.88,1457841123,30.6983327,104.1044663
168310,P3,22.0,22.0,12015.0,12015.0,False,3.16,12.32,5053143822,30.7124187,104.0054782
193178,P3,23.0,23.0,6596.0,6596.0,False,2.03,10.06,4963999613,30.7191388,104.0316629
201263,P3,23.0,23.0,7537.0,7537.0,False,0.05,8.0,1455005339,30.6972717,104.1036925
19367,P3,23.0,23.0,8100.0,8100.0,False,2.08,10.16,4992013262,30.61202,104.07462
130355,P3,23.0,23.0,8388.0,8388.0,False,2.71,11.42,5141468655,30.64092,104.09548
2817,P3,23.0,23.0,9016.0,9016.0,False,3.93,13.86,1445475726,30.6515837,104.0637076
101929,P3,23.0,23.0,9241.0,9241.0,False,2.78,11.56,3561962961,30.6627022,104.0024668
39887,P3,23.0,23.0,9241.0,9241.0,False,2.78,11.56,5055908304,30.71208,104.10948
63756,P3,23.0,23.0,9868.0,9868.0,False,2.27,10.54,3089029134,30.6623049,104.0486799
169152,P3,23.0,23.0,11704.0,11704.0,False,1.84,9.68,5436607066,30.6373183,104.066216
164700,P3,24.0,24.0,3486.0,3486.0,False,0.3,8.0,1459910105,30.6472178,104.1045086
103831,P3,24.0,24.0,4157.0,4157.0,False,0.5,8.0,3523308816,30.6482732,104.058538
148272,P3,24.0,24.0,4157.0,4157.0,False,0.5,8.0,1459023393,30.6449201,104.1095759
198781,P3,24.0,24.0,4157.0,4157.0,False,0.5,8.0,4106682122,30.6445536,103.9852081
132678,P3,24.0,24.0,10296.0,10296.0,False,0.99,8.0,4521050319,30.6519183,104.0833406
81617,P3,24.0,24.0,11113.0,11113.0,False,1.12,8.24,4548209372,30.6289384,104.0971633
1759,P3,24.0,24.0,12168.0,12168.0,False,0.88,8.0,3113656968,30.66412,104.05148
156031,P3,25.0,25.0,7406.0,7406.0,False,2.63,11.26,1339701405,30.7026,104.05244
169011,P3,25.0,25.0,7553.0,7553.0,False,2.39,10.78,314623107,30.6486102,104.0368163
141655,P3,25.0,25.0,8870.0,8870.0,False,1.25,8.5,1290303454,30.65653,104.07103
31583,P3,26.0,26.0,7962.0,7962.0,False,0.33,8.0,3203414180,30.638384,104.035446
45432,P3,26.0,26.0,7962.0,7962.0,False,0.33,8.0,4877227058,30.6227625,104.1015888
140521,P3,27.0,27.0,3543.0,3543.0,False,2.57,11.14,4505485114,30.6366175,104.0748642
90579,P3,27.0,27.0,6366.0,6366.0,False,0.32,8.0,3562099597,30.65018,104.02629
67058,P3,27.0,27.0,7426.0,7426.0,False,1.22,8.44,1159451504,30.6769995,104.0419564
135686,P3,27.0,27.0,9336.0,9336.0,False,0.93,8.0,4549993124,30.7049732,104.0388722
168067,P3,27.0,27.0,10480.0,10480.0,False,1.31,8.62,4106682105,30.643269,103.9814521
28187,P3,28.0,28.0,11152.0,11152.0,False,0.68,8.0,2651714403,30.6682514,104.1131447
67361,P3,28.0,28.0,13943.0,13943.0,False,1.06,8.12,1916386490,30.6359657,104.0685217
132699,P3,29.0,29.0,2374.0,2374.0,False,1.49,8.98,432442582,30.6902661,104.0241873
144253,P3,29.0,29.0,5266.0,5266.0,False,0.8,8.0,432441924,30.6348201,104.0289088
195915,P3,29.0,29.0,5266.0,5266.0,False,0.8,8.0,1459895596,30.6437648,104.1063618
75495,P3,29.0,29.0,7182.0,7182.0,False,0.95,8.0,2041535225,30.6639499,104.0798127
94557,P3,29.0,29.0,8177.0,8177.0,False,2.71,11.42,5213253154,30.706061,104.0947877
194835,P3,29.0,29.0,13090.0,13090.0,False,1.28,8.56,1458550333,30.6826429,104.1031569
77480,P3,29.0,29.0,13585.0,13585.0,False,1.04,8.08,1311904431,30.6418292,104.0732875
178455,P3,30.0,30.0,6052.0,6052.0,False,1.35,8.7,2981056906,30.62794,104.0757
181157,P3,30.0,30.0,6475.0,6475.0,False,0.63,8.0,2712338448,30.7077126,104.0382606
55055,P3,30.0,30.0,11340.0,11340.0,False,0.65,8.0,4772463247,30.6640618,104.0469487
171404,P3,30.0,30.0,11460.0,11460.0,False,0.48,8.0,4701464359,30.6151415,104.0579118
62098,P3,31.0,31.0,7811.0,7811.0,False,0.34,8.0,1987226884,30.6667057,104.0490266
142979,P3,31.0,31.0,9379.0,9379.0,False,1.9,9.8,3633018387,30.66705,104.063
65852,P3,31.0,31.0,10138.0,10138.0,False,2.0,10.0,3087817463,30.6407927,104.0195956
121337,P3,31.0,31.0,10674.0,10674.0,False,1.2,8.4,432429383,30.6392966,104.0528762
77491,P3,31.0,31.0,12694.0,12694.0,False,0.27,8.0,4695601305,30.6109832,104.0281709
55562,P3,32.0,32.0,8311.0,8311.0,False,0.18,8.0,432429422,30.6363058,104.0338325
31345,P3,33.0,33.0,1859.0,1859.0,False,1.86,9.72,1159224292,30.6965641,104.0475878
188389,P3,33.0,33.0,3288.0,3288.0,False,0.09,8.0,5261581863,30.677346,104.0962023
147977,P3,33.0,33.0,6428.0,6428.0,False,2.64,11.28,432442934,30.6617623,104.0234309
206573,P3,33.0,33.0,6428.0,6428.0,False,2.64,11.28,1159138415,30.6609859,104.0954585
182415,P3,33.0,33.0,8830.0,8830.0,False,1.17,8.34,4903105811,30.656603,104.082245
140651,P3,33.0,33.0,11178.0,11178.0,False,1.12,8.24,4107377021,30.6364012,103.9941504
143385,P3,33.0,33.0,12520.0,12520.0,False,2.61,11.22,432429412,30.6353697,104.0424329
43057,P3,34.0,34.0,6133.0,6133.0,False,0.73,8.0,3680455716,30.6569365,104.0132599
36517,P3,34.0,34.0,6864.0,6864.0,False,1.91,9.82,4547074373,30.6110311,104.0749581
158849,P3,34.0,34.0,6928.0,6928.0,False,2.84,11.68,2930487781,30.7216101,104.0997178
140837,P3,34.0,34.0,8702.0,8702.0,False,0.2,8.0,4701400359,30.6102074,104.030235
87355,P3,34.0,34.0,8984.0,8984.0,False,1.32,8.64,1815741542,30.69025,104.0771
10922,P3,35.0,35.0,659.0,659.0,False,1.46,8.92,4548211652,30.6703553,104.0580108
79459,P3,35.0,35.0,4279.0,4279.0,False,0.1,8.0,2843289926,30.6827975,104.0673054
70232,P3,35.0,35.0,4692.0,4692.0,False,0.55,8.0,2564226632,30.642674,104.0221933
143396,P3,35.0,35.0,5666.0,5666.0,False,1.89,9.78,5002301704,30.6897834,104.034206
101691,P3,35.0,35.0,6083.0,6083.0,False,1.89,9.78,4064178177,30.6736199,103.9735875
1539,P3,35.0,35.0,6083.0,6083.0,False,1.89,9.78,1912247134,30.6133435,104.0968211
136819,P3,35.0,35.0,9187.0,9187.0,False,2.58,11.16,3681180642,30.65489,104.06908
149155,P3,35.0,35.0,13862.0,13862.0,False,0.18,8.0,1498703308,30.7264403,104.0693968
153587,P3,35.0,35.0,13862.0,13862.0,False,0.18,8.0,1947583861,30.6867677,104.0893553
117481,P3,36.0,36.0,5417.0,5417.0,False,2.25,10.5,1815729257,30.7149532,104.0609822
181467,P3,36.0,36.0,5417.0,5417.0,False,2.25,10.5,2039550426,30.67352,104.11086
33324,P3,36.0,36.0,7852.0,7852.0,False,3.89,13.78,1159932053,30.670928,103.9882158
115816,P3,36.0,36.0,11287.0,11287.0,False,1.06,8.12,3087817472,30.6344052,104.0097338
22198,P3,36.0,36.0,13131.0,13131.0,False,2.18,10.36,4967265752,30.702427,104.0054921
23299,P3,37.0,37.0,6316.0,6316.0,False,3.25,12.5,4693610153,30.6343701,104.0671874
679,P3,37.0,37.0,8606.0,8606.0,False,2.28,10.56,4903112572,30.6532597,104.074705
103511,P3,37.0,37.0,8644.0,8644.0,False,0.27,8.0,1819305504,30.6322292,104.1058112
48207,P3,38.0,38.0,2305.0,2305.0,False,1.32,8.64,1459025591,30.6452206,104.1080647
59375,P3,38.0,38.0,7336.0,7336.0,False,1.76,9.52,3562028080,30.6599,104.08573
145757,P3,38.0,38.0,8663.0,8663.0,False,0.34,8.0,1507355163,30.6963843,104.0793848
190497,P3,39.0,39.0,5752.0,5752.0,False,1.44,8.88,4548211626,30.6684361,104.0383665
41071,P3,39.0,39.0,8724.0,8724.0,False,1.01,8.02,4548211661,30.6741327,104.0577152
199364,P3,40.0,40.0,2075.0,2075.0,False,0.52,8.0,432452995,30.6607427,104.0684023
118037,P3,40.0,40.0,6506.0,6506.0,False,1.97,9.94,3203414184,30.6359816,104.0411401
52315,P3,40.0,40.0,7016.0,7016.0,False,1.67,9.34,4549993108,30.68965,104.03277
161805,P3,40.0,40.0,9330.0,9330.0,False,0.82,8.0,2041527395,30.6929927,104.0960058
182870,P3,40.0,40.0,11177.0,11177.0,False,1.75,9.5,4151571132,30.632757,104.1132772
150929,P3,40.0,40.0,13057.0,13057.0,False,1.76,9.52,3087817493,30.6639983,104.0119996
208193,P3,40.0,40.0,13861.0,13861.0,False,0.54,8.0,2726978412,30.6110285,104.0511406
208687,P3,41.0,41.0,4678.0,4678.0,False,1.91,9.82,4572409840,30.7258333,104.0068709
26513,P3,41.0,41.0,4678.0,4678.0,False,1.91,9.82,2041314680,30.6805811,104.0969216
187271,P3,41.0,41.0,5978.0,5978.0,False,0.81,8.0,2344329063,30.654251,104.05505
99158,P3,41.0,41.0,7161.0,7161.0,False,0.72,8.0,4719831092,30.6913749,104.0184119
150710,P3,41.0,41.0,7286.0,7286.0,False,1.0,8.0,1500638693,30.7116934,104.0221779
186500,P3,41.0,41.0,7404.0,7404.0,False,0.21,8.0,4359391019,30.7260816,104.1121385
108099,P3,41.0,41.0,7923.0,7923.0,False,0.48,8.0,2039528348,30.67176,104.10662
201340,P3,41.0,41.0,11142.0,11142.0,False,2.97,11.94,4701464321,30.6109237,104.0650738
21110,P3,42.0,42.0,7878.0,7878.0,False,1.41,8.82,2317136987,30.6284605,104.0421771
111905,P3,42.0,42.0,8141.0,8141.0,False,0.31,8.0,4548259363,30.7038352,104.0422663
91500,P3,42.0,42.0,8572.0,8572.0,False,1.13,8.26,4548259382,30.6504363,104.0064679
130208,P3,43.0,43.0,1300.0,1300.0,False,0.53,8.0,1305816710,30.6492289,104.0817708
28484,P3,43.0,43.0,4029.0,4029.0,False,1.49,8.98,4695700267,30.6101747,104.0247853
112864,P3,43.0,43.0,8008.0,8008.0,False,2.95,11.9,2843289947,30.6965434,104.0565918
52723,P3,43.0,43.0,11429.0,11429.0,False,0.45,8.0,4772463270,30.66157,104.04636
23284,P3,43.0,43.0,12115.0,12115.0,False,0.26,8.0,1445485650,30.6359353,104.0631555
81127,P3,43.0,43.0,12115.0,12115.0,False,0.26,8.0,1756176909,30.67539,104.07043
14673,P3,44.0,44.0,1619.0,1619.0,False,0.16,8.0,4550018629,30.6487126,104.0574834
8407,P3,44.0,44.0,3541.0,3541.0,False,0.62,8.0,3614069301,30.6632756,104.0535045
15543,P3,44.0,44.0,4159.0,4159.0,False,0.94,8.0,3541364359,30.6165148,104.0888383
14325,P3,44.0,44.0,6051.0,6051.0,False,0.01,8.0,2956775871,30.7032196,104.03619
148201,P3,44.0,44.0,8069.0,8069.0,False,2.76,11.52,432442623,30.6848301,104.0154209
111804,P3,44.0,44.0,12638.0,12638.0,False,1.57,9.14,5213237274,30.6605933,104.059619
201210,P3,44.0,44.0,12638.0,12638.0,False,1.57,9.14,4695700264,30.6104115,104.0249407
20602,P3,44.0,44.0,13241.0,13241.0,False,2.51,11.02,2564226620,30.6340226,104.0241273
156247,P3,45.0,45.0,2678.0,2678.0,False,2.5,11.0,4782067643,30.62352,104.0307
18306,P3,45.0,45.0,7171.0,7171.0,False,1.57,9.14,4964134714,30.7099253,104.018698
143615,P3,45.0,45.0,7405.0,7405.0,False,1.5,9.0,3633008400,30.6658,104.04045
129315,P3,45.0,45.0,7809.0,7809.0,False,1.92,9.84,4779165742,30.6314375,104.0357876
168396,P3,45.0,45.0,7809.0,7809.0,False,1.92,9.84,4963999555,30.7124599,104.0356925
25378,P3,45.0,45.0,9423.0,9423.0,False,0.93,8.0,2329094568,30.7234893,104.0478689
183193,P3,45.0,45.0,9825.0,9825.0,False,0.68,8.0,1499189794,30.7182601,104.1016472
8690,P3,45.0,45.0,9825.0,9825.0,False,0.68,8.0,4449117687,30.6279971,104.0985318
20446,P3,45.0,45.0,14120.0,14120.0,False,2.6,11.2,2564226637,30.6373924,104.0276019
190358,P3,47.0,47.0,2732.0,2732.0,False,1.59,9.18,2956775837,30.7156858,104.042216
105222,P3,47.0,47.0,5207.0,5207.0,False,2.42,10.84,1916386558,30.6438568,104.0122246
2362,P3,47.0,47.0,7604.0,7604.0,False,1.77,9.54,4548259621,30.6801803,104.0548129
69823,P3,47.0,47.0,12425.0,12425.0,False,1.25,8.5,3034330082,30.6632,104.08752
125504,P3,47.0,47.0,14212.0,14212.0,False,1.3,8.6,1445475726,30.6515837,104.0637076
96507,P3,48.0,48.0,1546.0,1546.0,False,0.1,8.0,4880318308,30.6979865,104.0672617
20337,P3,48.0,48.0,6778.0,6778.0,False,0.79,8.0,5375783456,30.6226586,104.0084874
45803,P3,48.0,48.0,9406.0,9406.0,False,1.26,8.52,314614148,30.6113323,104.0472554
154435,P3,48.0,48.0,9878.0,9878.0,False,1.5,9.0,4750955766,30.711676,104.11458
34372,P3,48.0,48.0,9878.0,9878.0,False,1.5,9.0,2217746793,30.6605973,104.0616912
169415,P3,48.0,48.0,10085.0,10085.0,False,0.66,8.0,1305816752,30.6647,104.06883
192573,P3,48.0,48.0,11176.0,11176.0,False,0.72,8.0,1159445869,30.682406,104.0313778
96747,P3,48.0,48.0,12497.0,12497.0,False,1.02,8.04,2276405725,30.6196787,104.0927444
202115,P3,49.0,49.0,6381.0,6381.0,False,0.09,8.0,1305816678,30.6491402,104.0820003
208556,P3,49.0,49.0,8551.0,8551.0,False,0.17,8.0,5436627804,30.6978288,104.0705175
70724,P3,49.0,49.0,8551.0,8551.0,False,0.17,8.0,4549993213,30.7040707,104.037364
56767,P3,49.0,49.0,9051.0,9051.0,False,0.65,8.0,1290303454,30.657082,104.0726
167721,P3,49.0,49.0,10558.0,10558.0,False,0.34,8.0,1159477630,30.6732712,104.0543974
141901,P3,49.0,49.0,11247.0,11247.0,False,2.02,10.04,441159355,30.7207536,104.1060912
198413,P3,50.0,50.0,2058.0,2058.0,False,1.04,8.08,4693609930,30.6317764,104.0720482
43693,P3,50.0,50.0,8892.0,8892.0,False,2.03,10.06,2726978412,30.6110285,104.0511406
180953,P3,50.0,50.0,9825.0,9825.0,False,0.06,8.0,4695640654,30.6157973,104.0245243
32162,P3,50.0,50.0,9825.0,9825.0,False,0.06,8.0,1492613673,30.6221089,104.0629493
186083,P3,51.0,51.0,4300.0,4300.0,False,0.11,8.0,2852225599,30.64022,104.06127
162919,P3,51.0,51.0,5342.0,5342.0,False,0.63,8.0,1159149478,30.65452,104.07764
120159,P3,51.0,51.0,7807.0,7807.0,False,0.59,8.0,2843286556,30.6884143,104.0574989
132503,P3,51.0,51.0,11533.0,11533.0,False,1.39,8.78,1916524774,30.61332,104.00723
178107,P3,51.0,51.0,12027.0,12027.0,False,1.79,9.58,2560005422,30.6325866,104.0236106
207611,P3,51.0,51.0,12864.0,12864.0,False,2.43,10.86,1301933007,30.6509494,104.0783712
7588,P3,52.0,52.0,837.0,837.0,False,1.17,8.34,1159148361,30.6629704,104.0769567
73551,P3,52.0,52.0,1765.0,1765.0,False,2.58,11.16,4701577780,30.6229613,104.0759959
72730,P3,52.0,52.0,5538.0,5538.0,False,1.83,9.66,5213238352,30.6408679,104.0419308
101719,P3,52.0,52.0,13560.0,13560.0,False,0.31,8.0,4991426396,30.6486738,103.9847852
103699,P3,53.0,53.0,5819.0,5819.0,False,1.28,8.56,4693610145,30.635339,104.0672745
57369,P3,53.0,53.0,6930.0,6930.0,False,0.99,8.0,4118527460,30.7001906,104.0983786
48415,P3,53.0,53.0,7558.0,7558.0,False,1.75,9.5,3445813128,30.6735,104.07731
14426,P3,53.0,53.0,11310.0,11310.0,False,0.85,8.0,2712338398,30.7073784,104.0390462
21794,P3,53.0,53.0,11649.0,11649.0,False,1.18,8.36,1445519248,30.6498217,104.0635159
177459,P3,53.0,53.0,12193.0,12193.0,False,0.08,8.0,2276405725,30.620653,104.09386
121491,P3,53.0,53.0,12478.0,12478.0,False,0.45,8.0,441159355,30.7207536,104.1060912
71286,P3,53.0,53.0,13920.0,13920.0,False,2.68,11.36,2847764707,30.667251,104.1102926
108886,P3,54.0,54.0,2368.0,2368.0,False,1.67,9.34,2712338396,30.7080265,104.038763
127033,P3,54.0,54.0,7977.0,7977.0,False,1.65,9.3,4106682218,30.6699065,103.9999697
59431,P3,54.0,54.0,10965.0,10965.0,False,0.65,8.0,3680078462,30.65398,104.0176
136227,P3,54.0,54.0,12125.0,12125.0,False,0.57,8.0,1460311249,30.6551277,104.1123066
21508,P3,55.0,55.0,5735.0,5735.0,False,2.68,11.36,1947583851,30.6882477,104.0903482
52627,P3,55.0,55.0,7526.0,7526.0,False,0.64,8.0,3562015381,30.6613172,104.0827296
205991,P3,55.0,55.0,9714.0,9714.0,False,1.03,8.06,628641742,30.7012521,104.0262383
176115,P3,55.0,55.0,12059.0,12059.0,False,1.24,8.48,1507225954,30.7131908,104.078101
184887,P3,55.0,55.0,12059.0,12059.0,False,1.24,8.48,2843289945,30.69968,104.0574
3034,P3,55.0,55.0,12059.0,12059.0,False,1.24,8.48,3089029139,30.6626863,104.0507625
207367,P3,55.0,55.0,13904.0,13904.0,False,1.34,8.68,1987226891,30.66985,104.0486
197487,P3,56.0,56.0,4383.0,4383.0,False,3.18,12.36,432432557,30.6557519,104.0472777
176064,P3,56.0,56.0,5570.0,5570.0,False,0.49,8.0,2691023119,30.7143756,103.9922691
182955,P3,56.0,56.0,7486.0,7486.0,False,1.82,9.64,4695701805,30.6120169,104.0203408
69889,P3,56.0,56.0,8572.0,8572.0,False,0.34,8.0,1460304817,30.6533999,104.1120963
64863,P3,56.0,56.0,9861.0,9861.0,False,2.33,10.66,4550018783,30.6520369,104.0594294
117735,P3,56.0,56.0,12529.0,12529.0,False,1.45,8.9,3541393470,30.68821,104.025475
109714,P3,57.0,57.0,1864.0,1864.0,False,1.72,9.44,5382831173,30.6762827,104.0989509
153091,P3,57.0,57.0,3588.0,3588.0,False,2.32,10.64,3445794970,30.66266,104.07456
6935,P3,57.0,57.0,12051.0,12051.0,False,0.95,8.0,4695640576,30.6123812,104.0297284
47644,P3,57.0,57.0,13963.0,13963.0,False,0.82,8.0,432442913,30.66807,104.022873
56,P3,57.0,57.0,14288.0,14288.0,False,2.8,11.6,1819305084,30.6346534,104.1081534
14043,P3,58.0,58.0,5489.0,5489.0,False,1.57,9.14,3087817482,30.6638318,104.0024922
208754,P3,58.0,58.0,8883.0,8883.0,False,1.43,8.86,1756193221,30.6408146,104.0268912
165999,P3,58.0,58.0,9555.0,9555.0,False,1.54,9.08,5053143827,30.70768,103.99449
149392,P3,58.0,58.0,9864.0,9864.0,False,0.01,8.0,3436486403,30.6402757,104.0470832
143369,P3,58.0,58.0,11642.0,11642.0,False,2.2,10.4,4693610154,30.6343798,104.0678027
15383,P3,58.0,58.0,11723.0,11723.0,False,0.47,8.0,2441172212,30.67361,104.01423
116535,P3,58.0,58.0,12578.0,12578.0,False,3.24,12.48,432442576,30.6842,104.02709
192507,P3,59.0,59.0,3164.0,3164.0,False,1.11,8.22,432442906,30.6720808,104.0228395
49778,P3,59.0,59.0,6834.0,6834.0,False,0.31,8.0,4550019068,30.6529955,104.0532503
5511,P3,59.0,59.0,7571.0,7571.0,False,2.99,11.98,3562110283,30.65323,104.08184
144356,P3,59.0,59.0,9794.0,9794.0,False,1.14,8.28,4549993446,30.6467945,103.9730787
201803,P3,59.0,59.0,9794.0,9794.0,False,1.14,8.28,2981319500,30.713736,104.00667
164588,P3,59.0,59.0,10783.0,10783.0,False,2.07,10.14,4987535038,30.6311871,104.0091674
207376,P3,60.0,60.0,5901.0,5901.0,False,1.31,8.62,1445523920,30.6494497,104.0656162
98454,P3,60.0,60.0,6585.0,6585.0,False,1.1,8.2,1947583862,30.6870969,104.0885486
31986,P3,60.0,60.0,11212.0,11212.0,False,1.5,9.0,1305816672,30.6489302,104.0826434
64723,P3,60.0,60.0,11212.0,11212.0,False,1.5,9.0,3562110275,30.67221,104.06469
17433,P3,60.0,60.0,13698.0,13698.0,False,0.12,8.0,5218240005,30.7020668,104.05384
71648,P3,61.0,61.0,2503.0,2503.0,False,0.08,8.0,3943038365,30.6435267,104.0646167
160802,P3,61.0,61.0,2920.0,2920.0,False,1.21,8.42,4693610102,30.6346241,104.0708792
63004,P3,61.0,61.0,3731.0,3731.0,False,2.05,10.1,4701464737,30.6157459,104.0624217
120902,P3,61.0,61.0,4417.0,4417.0,False,1.82,9.64,1492604717,30.6222234,104.0662054
9311,P3,61.0,61.0,5178.0,5178.0,False,1.19,8.38,4701464324,30.6230885,104.0646899
182623,P3,61.0,61.0,6516.0,6516.0,False,3.33,12.66,5375783956,30.6627362,103.9978362
117470,P3,61.0,61.0,9992.0,9992.0,False,1.42,8.84,5053143834,30.7025755,104.0027377
82065,P3,61.0,61.0,10472.0,10472.0,False,1.52,9.04,2956775838,30.7162346,104.0486586
143189,P3,61.0,61.0,12218.0,12218.0,False,0.3,8.0,1916520521,30.6301623,104.0052241
15824,P3,62.0,62.0,1647.0,1647.0,False,1.75,9.5,4964000123,30.7181228,104.0312803
187401,P3,62.0,62.0,3378.0,3378.0,False,1.28,8.56,3087817506,30.666221,103.9895484
62075,P3,62.0,62.0,6982.0,6982.0,False,0.15,8.0,5055908307,30.7065733,104.1135254
63625,P3,62.0,62.0,6982.0,6982.0,False,0.15,8.0,3436486450,30.6407124,104.0458668
186227,P3,62.0,62.0,7334.0,7334.0,False,2.33,10.66,5102886113,30.68688,103.9936
99965,P3,62.0,62.0,7623.0,7623.0,False,0.97,8.0,4773199387,30.6717511,104.0147643
853,P3,62.0,62.0,8995.0,8995.0,False,0.65,8.0,4772463248,30.6629599,104.0461897
15563,P3,62.0,62.0,12886.0,12886.0,False,1.88,9.76,2838556820,30.6244798,104.1039932
133679,P3,63.0,63.0,4380.0,4380.0,False,0.71,8.0,1815741566,30.68881,104.05991
134523,P3,63.0,63.0,5637.0,5637.0,False,0.26,8.0,4550568567,30.6358796,104.0647311
138379,P3,63.0,63.0,6592.0,6592.0,False,1.28,8.56,1956501938,30.686768,104.10532
30439,P3,63.0,63.0,6691.0,6691.0,False,1.14,8.28,4106681956,30.629204,103.998042
65404,P3,63.0,63.0,9049.0,9049.0,False,1.47,8.94,2041532105,30.6672991,104.0863933
198975,P3,63.0,63.0,9594.0,9594.0,False,0.5,8.0,5257005057,30.675627,104.09432
43061,P3,63.0,63.0,9594.0,9594.0,False,0.5,8.0,1492368570,30.6571,104.0634553
158718,P3,63.0,63.0,10478.0,10478.0,False,1.32,8.64,3582243027,30.7209293,104.0097864
39535,P3,64.0,64.0,5983.0,5983.0,False,1.49,8.98,1159155218,30.642223,104.103714
50868,P3,64.0,64.0,7385.0,7385.0,False,1.22,8.44,4782097004,30.6252518,104.0233075
53114,P3,64.0,64.0,7571.0,7571.0,False,0.19,8.0,2956775864,30.7198339,104.0419195
113885,P3,64.0,64.0,9921.0,9921.0,False,1.3,8.6,3034040782,30.7008204,104.0157875
59225,P3,64.0,64.0,13167.0,13167.0,False,2.45,10.9,3979164207,30.6751625,104.0891486
156397,P3,65.0,65.0,2142.0,2142.0,False,1.3,8.6,4772463256,30.6635342,104.0450568
130375,P3,65.0,65.0,4653.0,4653.0,False,2.3,10.6,1305816672,30.6489302,104.0826434
8227,P3,65.0,65.0,4913.0,4913.0,False,1.06,8.12,432429426,30.63684,104.03076
92075,P3,65.0,65.0,5632.0,5632.0,False,1.01,8.02,3597608244,30.7228407,104.027452
200843,P3,65.0,65.0,5718.0,5718.0,False,1.86,9.72,1815729252,30.712154,104.0678
129630,P3,65.0,65.0,5825.0,5825.0,False,1.03,8.06,1492614624,30.6231913,104.0645757
205131,P3,65.0,65.0,12213.0,12213.0,False,0.82,8.0,2344329063,30.65597,104.05477
62548,P3,65.0,65.0,12288.0,12288.0,False,2.54,11.08,2676903521,30.6780823,103.9950907
132974,P3,65.0,65.0,13986.0,13986.0,False,1.94,9.88,5141468652,30.6399839,104.0936737
154408,P3,66.0,66.0,4634.0,4634.0,False,0.4,8.0,4550018626,30.6270272,104.0183428
67879,P3,66.0,66.0,6201.0,6201.0,False,1.67,9.34,3562033455,30.70665,104.0725
160460,P3,66.0,66.0,11629.0,11629.0,False,1.06,8.12,4585469582,30.6570481,104.0605732
46040,P3,66.0,66.0,12571.0,12571.0,False,0.46,8.0,3742070445,30.6517484,104.0822534
209343,P3,66.0,66.0,14279.0,14279.0,False,0.58,8.0,1459000907,30.6578566,104.0969043
92235,P3,66.0,66.0,14279.0,14279.0,False,0.58,8.0,1312615944,30.6497721,104.0579498
159430,P3,67.0,67.0,5815.0,5815.0,False,2.88,11.76,439751840,30.6555765,103.9815136
107899,P3,67.0,67.0,9576.0,9576.0,False,1.09,8.18,1458972939,30.664478,104.09019
51530,P3,67.0,67.0,11089.0,11089.0,False,1.63,9.26,3633006579,30.6602556,104.0583621
128288,P3,67.0,67.0,12418.0,12418.0,False,1.07,8.14,4695601662,30.609215,104.0386996
140182,P3,68.0,68.0,4996.0,4996.0,False,1.37,8.74,2217768450,30.6562508,104.0589844
69839,P3,68.0,68.0,4996.0,4996.0,False,1.37,8.74,1964394673,30.66767,104.10641
189127,P3,68.0,68.0,11476.0,11476.0,False,0.55,8.0,4550769155,30.6253,104.1026023
126853,P3,69.0,69.0,6407.0,6407.0,False,0.45,8.0,4218012581,30.6281165,104.0445776
44283,P3,69.0,69.0,8082.0,8082.0,False,1.6,9.2,2333184029,30.6229981,104.0878428
174932,P3,69.0,69.0,11375.0,11375.0,False,3.79,13.58,1507393760,30.6955194,104.0788145
110495,P3,69.0,69.0,13746.0,13746.0,False,0.91,8.0,1492399999,30.6567903,104.0584019
140960,P3,69.0,69.0,13746.0,13746.0,False,0.91,8.0,4748183722,30.6234372,104.0192515
204828,P3,70.0,70.0,3248.0,3248.0,False,1.12,8.24,432442932,30.6621038,104.0234792
72027,P3,70.0,70.0,3248.0,3248.0,False,1.12,8.24,1459928823,30.6439063,104.1112637
124945,P3,70.0,70.0,4171.0,4171.0,False,0.83,8.0,1459910105,30.6472178,104.1045086
127158,P3,70.0,70.0,8925.0,8925.0,False,0.92,8.0,4987536563,30.6554638,103.9847108
151743,P3,70.0,70.0,8925.0,8925.0,False,0.92,8.0,4695640578,30.61196,104.0268747
74723,P3,70.0,70.0,9699.0,9699.0,False,0.3,8.0,1159143437,30.662544,104.1008
130291,P3,70.0,70.0,11614.0,11614.0,False,0.13,8.0,3034330074,30.660656,104.0796383
114989,P3,70.0,70.0,12703.0,12703.0,False,0.38,8.0,1156126791,30.6874943,104.1001317
153811,P3,70.0,70.0,13786.0,13786.0,False,1.66,9.32,5382831175,30.6760721,104.0982476
199019,P3,71.0,71.0,8050.0,8050.0,False,0.67,8.0,4638105428,30.70761,104.06437
169954,P3,71.0,71.0,8496.0,8496.0,False,2.23,10.46,672360552,30.643027,104.0872437
104223,P3,71.0,71.0,9489.0,9489.0,False,0.73,8.0,2653571759,30.6727472,104.0872997
56139,P3,71.0,71.0,9988.0,9988.0,False,2.35,10.7,4695601334,30.6096643,104.0300392
14518,P3,71.0,71.0,11210.0,11210.0,False,1.49,8.98,4548211644,30.6232301,104.0872938
101783,P3,71.0,71.0,14189.0,14189.0,False,2.57,11.14,2564226648,30.633137,104.02856
5920,P3,72.0,72.0,6195.0,6195.0,False,2.41,10.82,5211337149,30.6479471,103.9926932
199071,P3,72.0,72.0,9550.0,9550.0,False,0.13,8.0,4548211432,30.6777,104.03771
87995,P3,72.0,72.0,10422.0,10422.0,False,0.52,8.0,432442539,30.6941586,104.0133124
17534,P3,73.0,73.0,4592.0,4592.0,False,2.54,11.08,5375783957,30.661504,103.9979178
171864,P3,73.0,73.0,13260.0,13260.0,False,0.85,8.0,2217790313,30.6616415,104.0581034
87985,P3,73.0,73.0,13260.0,13260.0,False,0.85,8.0,1460300831,30.6518887,104.111184
126970,P3,74.0,74.0,3720.0,3720.0,False,3.51,13.02,1469163951,30.6429274,104.0873072
128512,P3,74.0,74.0,8101.0,8101.0,False,0.16,8.0,4987536553,30.6404953,103.9914348
143503,P3,74.0,74.0,9138.0,9138.0,False,2.37,10.74,4772430845,30.6776787,104.0076057
171474,P3,74.0,74.0,10830.0,10830.0,False,0.69,8.0,5367294202,30.685622,103.9889479
184028,P3,75.0,75.0,6028.0,6028.0,False,0.16,8.0,1159452250,30.6718953,104.038139
35667,P3,75.0,75.0,6375.0,6375.0,False,1.2,8.4,3033986328,30.65392,104.0222
108787,P3,75.0,75.0,6417.0,6417.0,False,2.07,10.14,4772463292,30.6609474,104.0438695
35067,P3,76.0,76.0,6612.0,6612.0,False,1.6,9.2,3691342450,30.65805,104.01745
180759,P3,76.0,76.0,7017.0,7017.0,False,0.98,8.0,2651700257,30.695084,104.0787813
179539,P3,76.0,76.0,8875.0,8875.0,False,0.27,8.0,1956565510,30.6772659,104.1132684
139326,P3,76.0,76.0,10213.0,10213.0,False,0.67,8.0,5141468666,30.6380439,104.0932194
62481,P3,76.0,76.0,10998.0,10998.0,False,0.63,8.0,2729160274,30.6108314,104.0897464
77927,P3,76.0,76.0,10998.0,10998.0,False,0.63,8.0,2441160949,30.632768,104.0342007
68697,P3,76.0,76.0,12462.0,12462.0,False,1.3,8.6,3538771906,30.6437752,104.1121135
188798,P3,77.0,77.0,6030.0,6030.0,False,1.31,8.62,5254240652,30.6256188,103.9827815
203756,P3,77.0,77.0,6030.0,6030.0,False,1.31,8.62,872833768,30.6589036,104.0669358
70093,P3,77.0,77.0,6030.0,6030.0,False,1.31,8.62,4963999569,30.7168843,104.0320779
43043,P3,77.0,77.0,9134.0,9134.0,False,1.57,9.14,5359113186,30.6767228,104.0118173
149758,P3,78.0,78.0,4138.0,4138.0,False,0.25,8.0,4550018836,30.6230217,104.0149227
135876,P3,78.0,78.0,5271.0,5271.0,False,0.78,8.0,2041527400,30.6929967,104.0976903
159630,P3,78.0,78.0,6901.0,6901.0,False,0.46,8.0,1506487129,30.715398,104.0721394
150427,P3,78.0,78.0,7503.0,7503.0,False,0.0,8.0,2380755498,30.68321,104.02319
143203,P3,78.0,78.0,7577.0,7577.0,False,1.17,8.34,4934383692,30.6143513,104.1140842
170852,P3,78.0,78.0,8538.0,8538.0,False,0.81,8.0,3562110262,30.6483164,104.0223891
17765,P3,78.0,78.0,10177.0,10177.0,False,1.05,8.1,432453008,30.6557248,104.0863091
82967,P3,79.0,79.0,7792.0,7792.0,False,0.68,8.0,4547074365,30.6107864,104.0780786
34978,P3,79.0,79.0,10147.0,10147.0,False,0.3,8.0,2559969510,30.6260912,104.036392
144261,P3,79.0,79.0,10829.0,10829.0,False,0.02,8.0,3034029050,30.6809159,104.0055829
137271,P3,79.0,79.0,11269.0,11269.0,False,0.64,8.0,4698894061,30.6099128,104.0357434
179383,P3,79.0,79.0,11269.0,11269.0,False,0.64,8.0,2908412246,30.64878,104.0863
5726,P3,80.0,80.0,2762.0,2762.0,False,0.12,8.0,1845199170,30.6782016,104.0719265
94204,P3,80.0,80.0,2762.0,2762.0,False,0.12,8.0,4794975945,30.639873,104.0639714
60907,P3,80.0,80.0,10689.0,10689.0,False,0.22,8.0,3523314186,30.6264,104.06071
36895,P3,80.0,80.0,11102.0,11102.0,False,0.23,8.0,4549993411,30.6925901,104.037526
107890,P3,80.0,80.0,14279.0,14279.0,False,1.21,8.42,3034029048,30.6845106,103.9979889
37814,P3,81.0,81.0,6889.0,6889.0,False,1.76,9.52,5055911222,30.7145696,104.1119178
103369,P3,81.0,81.0,8501.0,8501.0,False,2.65,11.3,4724343815,30.6302412,104.06442
4511,P3,81.0,81.0,8501.0,8501.0,False,2.65,11.3,1159478537,30.67317,104.0484
13711,P3,81.0,81.0,9385.0,9385.0,False,0.12,8.0,2868588324,30.66487,104.08446
7577,P3,82.0,82.0,4880.0,4880.0,False,0.19,8.0,3562110274,30.6720357,104.0660008
200327,P3,82.0,82.0,10991.0,10991.0,False,1.64,9.28,3742070461,30.65101,104.08611
58596,P3,83.0,83.0,3287.0,3287.0,False,2.49,10.98,432442584,30.6884916,104.0220553
136299,P3,83.0,83.0,5418.0,5418.0,False,2.19,10.38,4550769155,30.6253,104.1026023
184719,P3,83.0,83.0,7991.0,7991.0,False,2.07,10.14,4548211362,30.67768,104.05392
208517,P3,83.0,83.0,8138.0,8138.0,False,1.08,8.16,2883191117,30.6559268,104.1136561
190741,P3,83.0,83.0,10651.0,10651.0,False,0.4,8.0,4695640582,30.6128068,104.0270076
28455,P3,83.0,83.0,10651.0,10651.0,False,0.4,8.0,1947138494,30.6920212,104.0853742
96132,P3,84.0,84.0,3402.0,3402.0,False,1.49,8.98,1916524693,30.6196857,104.0114959
195787,P3,84.0,84.0,6252.0,6252.0,False,0.31,8.0,4772463269,30.663461,104.0458275
153973,P3,84.0,84.0,8272.0,8272.0,False,2.56,11.12,4695601573,30.6111338,104.0330168
61856,P3,84.0,84.0,8780.0,8780.0,False,0.96,8.0,1311904387,30.6428828,104.080559
6287,P3,84.0,84.0,12179.0,12179.0,False,1.26,8.52,5055911221,30.71495,104.10371
157624,P3,85.0,85.0,6218.0,6218.0,False,0.08,8.0,3927877871,30.6765872,103.9878448
119246,P3,85.0,85.0,9090.0,9090.0,False,0.74,8.0,2956775865,30.7223456,104.0377228
48041,P3,85.0,85.0,11281.0,11281.0,False,1.31,8.62,4695700253,30.6182648,104.0197066
94063,P3,85.0,85.0,11281.0,11281.0,False,1.31,8.62,2276187310,30.683414,104.08389
123347,P3,85.0,85.0,11903.0,11903.0,False,2.63,11.26,5213253153,30.6942778,104.0869612
88891,P3,85.0,85.0,13509.0,13509.0,False,0.54,8.0,1947583849,30.68939,104.08784
197134,P3,86.0,86.0,10132.0,10132.0,False,1.97,9.94,4548211432,30.678542,104.0387249
168122,P3,86.0,86.0,13173.0,13173.0,False,0.13,8.0,1815729262,30.7144362,104.0677036
58798,P3,87.0,87.0,6116.0,6116.0,False,2.52,11.04,4521050320,30.6523396,104.0842433
102344,P3,87.0,87.0,7858.0,7858.0,False,0.4,8.0,337539216,30.624373,104.0353002
120037,P3,87.0,87.0,11474.0,11474.0,False,1.14,8.28,4878041010,30.6225711,104.1014096
22049,P3,88.0,88.0,6195.0,6195.0,False,2.16,10.32,2041527405,30.6904124,104.0951287
7447,P3,88.0,88.0,7024.0,7024.0,False,1.18,8.36,4548259620,30.7146869,104.0353594
151844,P3,88.0,88.0,7075.0,7075.0,False,1.17,8.34,5053143855,30.7072463,104.0010684
9893,P3,88.0,88.0,7465.0,7465.0,False,2.83,11.66,1159143854,30.6784468,104.0839515
174685,P3,88.0,88.0,8342.0,8342.0,False,3.04,12.08,1912247211,30.613386,104.0991364
59015,P3,88.0,88.0,8342.0,8342.0,False,3.04,12.08,3562028080,30.65915,104.08714
113438,P3,88.0,88.0,8396.0,8396.0,False,2.12,10.24,4695601345,30.6104245,104.029536
115433,P3,88.0,88.0,8798.0,8798.0,False,2.17,10.34,4934383665,30.6184231,104.1141593
80022,P3,88.0,88.0,10485.0,10485.0,False,0.19,8.0,3613960006,30.6724147,104.0459399
107048,P3,88.0,88.0,12177.0,12177.0,False,1.99,9.98,4701577722,30.6126567,104.071748
192583,P3,89.0,89.0,4490.0,4490.0,False,1.47,8.94,4972899583,30.6322506,104.0481629
17043,P3,89.0,89.0,7041.0,7041.0,False,1.67,9.34,432442628,30.68439,104.01745
111494,P3,89.0,89.0,8451.0,8451.0,False,1.47,8.94,4230593029,30.6426155,104.0877824
174523,P3,89.0,89.0,9245.0,9245.0,False,1.48,8.96,3541426298,30.702702,104.07196
52625,P3,89.0,89.0,12427.0,12427.0,False,0.02,8.0,3562015383,30.6595006,104.0820836
38531,P3,89.0,89.0,12691.0,12691.0,False,0.02,8.0,1305816735,30.66706,104.06724
52836,P3,89.0,89.0,13091.0,13091.0,False,1.0,8.0,1458947310,30.6772008,104.0909144
92783,P3,90.0,90.0,3250.0,3250.0,False,1.29,8.58,3780408667,30.63136,104.05982
194403,P3,90.0,90.0,4369.0,4369.0,False,2.24,10.48,1458561799,30.6895814,104.0966979
96223,P3,91.0,91.0,2382.0,2382.0,False,1.1,8.2,3562086848,30.67363,104.06023
30787,P3,91.0,91.0,4926.0,4926.0,False,2.48,10.96,1339762132,30.7128999,104.0425356
61457,P3,91.0,91.0,6072.0,6072.0,False,0.57,8.0,4548259651,30.6720335,104.0229889
82535,P3,91.0,91.0,7542.0,7542.0,False,1.29,8.58,1916386580,30.6413,104.05673
21306,P3,91.0,91.0,7675.0,7675.0,False,0.62,8.0,3562099185,30.6512457,104.0754872
90341,P3,91.0,91.0,7675.0,7675.0,False,0.62,8.0,5141468805,30.6294733,104.0984475
102851,P3,91.0,91.0,8747.0,8747.0,False,0.51,8.0,1492645747,30.6225782,104.0681268
168109,P3,91.0,91.0,9293.0,9293.0,False,1.73,9.46,2843294275,30.6784459,104.0667463
144163,P3,91.0,91.0,13580.0,13580.0,False,0.34,8.0,3445813118,30.66474,104.07722
190819,P3,91.0,91.0,13863.0,13863.0,False,3.06,12.12,3979164229,30.67481,104.10827
120509,P3,92.0,92.0,1913.0,1913.0,False,0.39,8.0,5422574961,30.6883373,104.0671693
209347,P3,92.0,92.0,1913.0,1913.0,False,0.39,8.0,4779165730,30.630515,104.027462
38015,P3,92.0,92.0,8471.0,8471.0,False,1.57,9.14,4106682193,30.6584169,103.9777891
105355,P3,92.0,92.0,13234.0,13234.0,False,1.16,8.32,3516900116,30.674073,104.075337
103381,P3,92.0,92.0,13350.0,13350.0,False,1.78,9.56,4437994401,30.6894514,104.0971702
126787,P3,93.0,93.0,7964.0,7964.0,False,1.51,9.02,5312164201,30.6669683,104.1014989
109758,P3,93.0,93.0,9451.0,9451.0,False,2.67,11.34,1159149349,30.6567378,104.0509692
194251,P3,93.0,93.0,11476.0,11476.0,False,2.17,10.34,4548258452,30.68828,104.05168
163540,P3,93.0,93.0,13553.0,13553.0,False,0.23,8.0,1159477627,30.6743851,104.0517283
64216,P3,93.0,93.0,13553.0,13553.0,False,0.23,8.0,3633021146,30.6743295,104.0804884
5349,P3,94.0,94.0,1977.0,1977.0,False,1.11,8.22,3516896166,30.6510993,104.0699075
1888,P3,94.0,94.0,4280.0,4280.0,False,1.45,8.9,4772463269,30.663461,104.0458275
86488,P3,94.0,94.0,9874.0,9874.0,False,0.81,8.0,5283966326,30.705179,104.0969717
83909,P3,94.0,94.0,12265.0,12265.0,False,0.35,8.0,4548259350,30.6425634,104.0179388
7507,P3,95.0,95.0,2500.0,2500.0,False,1.76,9.52,2081197474,30.6288588,104.0970974
187368,P3,95.0,95.0,6034.0,6034.0,False,0.64,8.0,1500638636,30.7038047,104.093203
7687,P3,95.0,95.0,7113.0,7113.0,False,0.39,8.0,1445515786,30.6497806,104.0638224
147632,P3,95.0,95.0,8427.0,8427.0,False,0.34,8.0,4444112339,30.7189594,104.1017075
187243,P3,95.0,95.0,8631.0,8631.0,False,0.17,8.0,4695700278,30.6102494,104.0225995
74303,P3,95.0,95.0,9016.0,9016.0,False,2.73,11.46,1159149348,30.6559,104.05274
118047,P3,96.0,96.0,3692.0,3692.0,False,0.02,8.0,4548141081,30.6195536,104.0747294
50559,P3,96.0,96.0,3887.0,3887.0,False,0.44,8.0,2039528344,30.666975,104.1102303
68079,P3,96.0,96.0,7987.0,7987.0,False,1.55,9.1,1339701413,30.71015,104.0413
93769,P3,96.0,96.0,7987.0,7987.0,False,1.55,9.1,4699007281,30.6150398,104.0349117
40497,P3,96.0,96.0,9785.0,9785.0,False,1.85,9.7,5141328649,30.6129791,104.0629351
177665,P3,96.0,96.0,11466.0,11466.0,False,1.69,9.38,4772463273,30.6601789,104.0463071
52849,P3,96.0,96.0,13681.0,13681.0,False,2.98,11.96,5218240005,30.7020668,104.05384
90087,P3,97.0,97.0,5828.0,5828.0,False,1.57,9.14,3113656969,30.66506,104.05165
140865,P3,97.0,97.0,6045.0,6045.0,False,0.22,8.0,1885342891,30.6778662,104.0979848
26889,P3,97.0,97.0,6864.0,6864.0,False,0.31,8.0,2204171412,30.7213341,104.0984937
48649,P3,97.0,97.0,7407.0,7407.0,False,2.83,11.66,4586722653,30.6855345,104.0377899
37565,P3,97.0,97.0,8068.0,8068.0,False,2.69,11.38,3927876953,30.6762446,103.985108
73849,P3,97.0,97.0,10457.0,10457.0,False,1.14,8.28,5213238403,30.6359474,104.064871
14097,P3,97.0,97.0,12359.0,12359.0,False,0.76,8.0,3176012319,30.7008418,104.0719442
87604,P3,97.0,97.0,12359.0,12359.0,False,0.76,8.0,4548211408,30.6628217,104.0537586
98355,P3,97.0,97.0,12359.0,12359.0,False,0.76,8.0,432442595,30.68521,104.02251
102875,P3,98.0,98.0,10693.0,10693.0,False,0.01,8.0,4794944078,30.646421,104.06481
153386,P3,99.0,99.0,4206.0,4206.0,False,0.53,8.0,2366951327,30.6531539,104.1151334
19951,P3,99.0,99.0,5691.0,5691.0,False,0.97,8.0,1159173118,30.6249926,104.072012
77520,P3,99.0,99.0,5691.0,5691.0,False,0.97,8.0,1311904456,30.645273,104.079601
123590,P3,99.0,99.0,6459.0,6459.0,False,0.5,8.0,3780408673,30.630479,104.057504
89721,P3,99.0,99.0,10771.0,10771.0,False,0.15,8.0,4219896928,30.6212675,104.0397641
53646,P3,99.0,99.0,10839.0,10839.0,False,1.98,9.96,5213253214,30.667213,104.1122561
66273,P3,100.0,100.0,5904.0,5904.0,False,2.26,10.52,4693609931,30.6320435,104.0718927
77578,P3,100.0,100.0,6232.0,6232.0,False,0.12,8.0,4449117681,30.6271071,104.0999559
100411,P3,100.0,100.0,13953.0,13953.0,False,0.74,8.0,4549993276,30.6486719,103.9805232
207633,P3,101.0,101.0,6616.0,6616.0,False,0.16,8.0,3633001073,30.6656921,104.0310534
120275,P3,101.0,101.0,8706.0,8706.0,False,3.68,13.36,2119004937,30.6986814,104.0269566
98487,P3,101.0,101.0,9380.0,9380.0,False,1.72,9.44,1159137566,30.65414,104.09027
31964,P3,101.0,101.0,9850.0,9850.0,False,0.64,8.0,1159169336,30.6379205,104.0828585
77061,P3,101.0,101.0,10245.0,10245.0,False,1.87,9.74,4548211473,30.635443,104.0248821
175179,P3,102.0,102.0,7064.0,7064.0,False,2.46,10.92,5256947476,30.67945,104.097
62478,P3,102.0,102.0,8633.0,8633.0,False,0.37,8.0,4779165766,30.6379987,104.0736822
124404,P3,102.0,102.0,10525.0,10525.0,False,2.11,10.22,4695640521,30.6159015,104.0277665
186203,P3,102.0,102.0,13075.0,13075.0,False,3.12,12.24,2039550410,30.67131,104.11622
136758,P3,102.0,102.0,13601.0,13601.0,False,0.56,8.0,5367317629,30.6625857,103.979658
162737,P3,102.0,102.0,13601.0,13601.0,False,0.56,8.0,5375783935,30.6570878,103.9967591
21175,P3,102.0,102.0,13601.0,13601.0,False,0.56,8.0,4548211641,30.67133,104.06165
28875,P3,103.0,103.0,3101.0,3101.0,False,1.79,9.58,5359113218,30.6777224,104.0114833
3355,P3,103.0,103.0,5857.0,5857.0,False,3.5,13.0,3613960020,30.67169,104.04814
73415,P3,103.0,103.0,6755.0,6755.0,False,0.63,8.0,1159225483,30.70709,104.05228
5576,P3,103.0,103.0,7354.0,7354.0,False,1.87,9.74,3562033458,30.7020194,104.0739529
133115,P3,103.0,103.0,7581.0,7581.0,False,1.43,8.86,1492633091,30.6204,104.06457
88790,P3,103.0,103.0,14236.0,14236.0,False,1.63,9.26,314655170,30.628819,104.0491371
10740,P3,104.0,104.0,3517.0,3517.0,False,1.29,8.58,1159927552,30.6785207,103.9894692
98259,P3,104.0,104.0,9044.0,9044.0,False,2.08,10.16,2722829577,30.7005531,104.0662637
56731,P3,104.0,104.0,9124.0,9124.0,False,0.12,8.0,4548211662,30.6560954,104.0197676
209143,P3,104.0,104.0,9574.0,9574.0,False,2.12,10.24,672360506,30.66606,104.085884
147153,P3,105.0,105.0,5824.0,5824.0,False,0.94,8.0,4393145698,30.6240557,104.0416792
73542,P3,105.0,105.0,6172.0,6172.0,False,2.14,10.28,5283966206,30.7016672,104.1045249
29477,P3,105.0,105.0,9905.0,9905.0,False,1.66,9.32,1492399321,30.6588334,104.0636244
171179,P3,106.0,106.0,4131.0,4131.0,False,0.54,8.0,3034330081,30.66204,104.08579
77718,P3,106.0,106.0,5143.0,5143.0,False,1.49,8.98,1958204265,30.6736638,104.0840451
191928,P3,106.0,106.0,7130.0,7130.0,False,0.23,8.0,4550674910,30.6182113,104.0374637
142046,P3,106.0,106.0,7903.0,7903.0,False,1.47,8.94,432442524,30.6871845,104.0155077
18683,P3,106.0,106.0,7903.0,7903.0,False,1.47,8.94,1159224813,30.6946555,104.0336862
104995,P3,106.0,106.0,10483.0,10483.0,False,1.09,8.18,3087817450,30.64889,104.00496
148086,P3,107.0,107.0,9049.0,9049.0,False,0.87,8.0,1301933024,30.6413741,104.0826883
206923,P3,107.0,107.0,11156.0,11156.0,False,1.76,9.52,480012018,30.6214742,104.0693905
8048,P3,107.0,107.0,11417.0,11417.0,False,0.6,8.0,5375783797,30.6555302,103.9989669
158139,P3,107.0,107.0,13026.0,13026.0,False,1.04,8.08,1159471913,30.6889471,104.0385997
92478,P3,107.0,107.0,13026.0,13026.0,False,1.04,8.08,1916524779,30.6158702,103.9865883
116370,P3,108.0,108.0,3723.0,3723.0,False,1.62,9.24,5359113178,30.6775472,104.0120031
107348,P3,108.0,108.0,3823.0,3823.0,False,1.56,9.12,1819305291,30.6408383,104.1069709
199121,P3,108.0,108.0,4661.0,4661.0,False,1.69,9.38,4779165722,30.6386009,104.0240344
84393,P3,108.0,108.0,6356.0,6356.0,False,1.11,8.22,5053143858,30.7073085,104.0009627
142174,P3,108.0,108.0,7176.0,7176.0,False,0.27,8.0,1912247118,30.6148017,104.0966824
61171,P3,108.0,108.0,8093.0,8093.0,False,2.76,11.52,2907361699,30.645084,104.09343
17212,P3,108.0,108.0,9706.0,9706.0,False,2.08,10.16,1458692386,30.6794016,104.0924529
53322,P3,109.0,109.0,6409.0,6409.0,False,0.15,8.0,1460306173,30.6548038,104.1122954
73758,P3,109.0,109.0,6451.0,6451.0,False,1.29,8.58,3680400057,30.6589107,104.0136654
36216,P3,109.0,109.0,7201.0,7201.0,False,1.64,9.28,4638050367,30.7051519,104.0665385
181707,P3,109.0,109.0,8127.0,8127.0,False,0.72,8.0,3742070444,30.6522183,104.0812377
115211,P3,109.0,109.0,12377.0,12377.0,False,0.64,8.0,432432540,30.6576646,104.0385639
59418,P3,110.0,110.0,4589.0,4589.0,False,0.34,8.0,4550018980,30.6503912,104.0582477
203226,P3,110.0,110.0,8797.0,8797.0,False,1.19,8.38,5141458198,30.632807,104.0709464
137914,P3,110.0,110.0,9548.0,9548.0,False,0.2,8.0,4773199402,30.6720348,104.0149722
67167,P3,110.0,110.0,11113.0,11113.0,False,1.37,8.74,962955219,30.6098424,104.1163879
60759,P3,110.0,110.0,11141.0,11141.0,False,0.23,8.0,5354813690,30.65927,104.06054
9419,P3,110.0,110.0,12613.0,12613.0,False,0.87,8.0,1305816676,30.64669,104.08462
119788,P3,111.0,111.0,1139.0,1139.0,False,0.5,8.0,4695640521,30.6159015,104.0277665
98398,P3,111.0,111.0,1139.0,1139.0,False,0.5,8.0,4638105428,30.7071744,104.0651964
157046,P3,111.0,111.0,5546.0,5546.0,False,2.22,10.44,5375784247,30.6334481,104.0078191
19643,P3,111.0,111.0,7358.0,7358.0,False,0.22,8.0,1072698651,30.7245612,104.046548
32770,P3,111.0,111.0,7557.0,7557.0,False,2.26,10.52,2041527427,30.6900383,104.0915495
110467,P3,111.0,111.0,8068.0,8068.0,False,1.26,8.52,3541427573,30.7087766,104.0313006
170779,P3,111.0,111.0,8218.0,8218.0,False,0.43,8.0,5261581871,30.6767636,104.0962658
193117,P3,111.0,111.0,8521.0,8521.0,False,2.09,10.18,5141328772,30.6157441,104.0622497
124051,P3,111.0,111.0,9060.0,9060.0,False,1.5,9.0,2843289939,30.683306,104.06672
118900,P3,111.0,111.0,10144.0,10144.0,False,1.37,8.74,1458692382,30.6791691,104.0927202
203643,P3,111.0,111.0,14375.0,14375.0,False,0.33,8.0,4987535053,30.6309698,104.0089845
19932,P3,112.0,112.0,5986.0,5986.0,False,0.81,8.0,4773916439,30.6587323,104.0026072
164109,P3,112.0,112.0,7871.0,7871.0,False,0.61,8.0,5436607833,30.6354732,104.0639735
100422,P3,113.0,113.0,4643.0,4643.0,False,0.95,8.0,1918491716,30.6490086,103.9823371
71913,P3,113.0,113.0,6576.0,6576.0,False,0.04,8.0,4393165157,30.6224945,104.0654743
135632,P3,113.0,113.0,9137.0,9137.0,False,0.77,8.0,4107377030,30.6384798,103.9990926
96959,P3,113.0,113.0,9137.0,9137.0,False,0.77,8.0,1159171719,30.61483,104.07974
10443,P3,113.0,113.0,11968.0,11968.0,False,0.18,8.0,2727024784,30.6161332,104.0518355
147666,P3,113.0,113.0,11968.0,11968.0,False,0.18,8.0,432442896,30.6649296,104.0244961
200069,P3,113.0,113.0,11968.0,11968.0,False,0.18,8.0,4106682201,30.6589521,103.9710179
206311,P3,114.0,114.0,978.0,978.0,False,1.27,8.54,1916386467,30.6162257,104.0416001
171953,P3,114.0,114.0,6959.0,6959.0,False,1.45,8.9,2330199410,30.7196881,104.1127212
128995,P3,114.0,114.0,11082.0,11082.0,False,0.27,8.0,3541426298,30.70276,104.07235
178942,P3,114.0,114.0,12553.0,12553.0,False,1.3,8.6,2333193192,30.6306223,104.0982423
32324,P3,115.0,115.0,4653.0,4653.0,False,2.18,10.36,5013455446,30.6151252,104.057327
65295,P3,115.0,115.0,4653.0,4653.0,False,2.18,10.36,4695601637,30.6132021,104.0348973
152537,P3,115.0,115.0,5525.0,5525.0,False,2.09,10.18,2411594433,30.6217358,104.100452
203975,P3,115.0,115.0,5525.0,5525.0,False,2.09,10.18,1159450026,30.67142,104.03269
15572,P3,115.0,115.0,6897.0,6897.0,False,4.42,14.84,4572410228,30.7064104,103.9852197
19782,P3,115.0,115.0,10850.0,10850.0,False,0.98,8.0,2852759807,30.6653477,104.1107531
185119,P3,115.0,115.0,11198.0,11198.0,False,0.45,8.0,1305816687,30.645222,104.083534
157030,P3,115.0,115.0,11945.0,11945.0,False,0.6,8.0,1159174088,30.6320826,104.0738042
108753,P3,116.0,116.0,10245.0,10245.0,False,1.43,8.86,5382831200,30.6804348,104.098086
109853,P3,116.0,116.0,10820.0,10820.0,False,0.37,8.0,5375783920,30.6571479,103.9965859
91169,P3,116.0,116.0,11534.0,11534.0,False,0.34,8.0,4693610147,30.6353451,104.0677562
162355,P3,116.0,116.0,12712.0,12712.0,False,3.1,12.2,3445813127,30.66982,104.07654
60822,P3,116.0,116.0,13183.0,13183.0,False,0.26,8.0,4572409813,30.6856588,103.9732607
80309,P3,117.0,117.0,5529.0,5529.0,False,2.48,10.96,1072698668,30.7124066,104.0904658
93217,P3,117.0,117.0,6391.0,6391.0,False,1.68,9.36,4703149484,30.6112772,104.0681401
132876,P3,117.0,117.0,10833.0,10833.0,False,1.22,8.44,4548259341,30.6749354,104.0072019
4830,P3,118.0,118.0,1137.0,1137.0,False,0.84,8.0,4106682180,30.6570925,103.9807985
132323,P3,118.0,118.0,7257.0,7257.0,False,1.0,8.0,1388412850,30.68034,104.06979
6462,P3,118.0,118.0,8395.0,8395.0,False,0.57,8.0,2852215058,30.7171192,104.0927985
203622,P3,118.0,118.0,12303.0,12303.0,False,0.82,8.0,1159227442,30.6927,104.0513867
16115,P3,119.0,119.0,4717.0,4717.0,False,0.74,8.0,672405808,30.657282,104.08207
133053,P3,119.0,119.0,8092.0,8092.0,False,1.76,9.52,2956775232,30.7112033,104.0405831
156741,P3,120.0,120.0,1211.0,1211.0,False,1.46,8.92,4695601327,30.6099991,104.0302369
2675,P3,120.0,120.0,3551.0,3551.0,False,0.47,8.0,2041522384,30.66783,104.10714
126848,P3,120.0,120.0,4319.0,4319.0,False,1.37,8.74,3034409013,30.7112446,104.093976
76770,P3,120.0,120.0,5529.0,5529.0,False,0.35,8.0,5013455445,30.6141617,104.0573633
203881,P3,120.0,120.0,6756.0,6756.0,False,3.1,12.2,5211345684,30.648848,103.9941538
87714,P3,120.0,120.0,12474.0,12474.0,False,0.57,8.0,1313998800,30.6379687,104.0890481
129578,P3,121.0,121.0,7218.0,7218.0,False,0.35,8.0,4550018697,30.6528312,104.0601618
83099,P3,121.0,121.0,7820.0,7820.0,False,1.08,8.16,1457868175,30.688221,104.0988914
89244,P3,121.0,121.0,7955.0,7955.0,False,1.43,8.86,1458561798,30.689514,104.0966765
202683,P3,121.0,121.0,8033.0,8033.0,False,1.57,9.14,4572410239,30.69474,104.06984
37366,P3,121.0,121.0,10210.0,10210.0,False,0.56,8.0,4773199397,30.6713851,104.0143523
2066,P3,121.0,121.0,13882.0,13882.0,False,1.85,9.7,1457858421,30.688647,104.0993746
76530,P3,122.0,122.0,6852.0,6852.0,False,0.99,8.0,4550701394,30.6124175,103.9672765
81479,P3,122.0,122.0,7889.0,7889.0,False,0.9,8.0,2039561237,30.67999,104.10513
12766,P3,122.0,122.0,11154.0,11154.0,False,1.56,9.12,4550018952,30.6512388,104.0545492
105227,P3,123.0,123.0,5175.0,5175.0,False,1.47,8.94,432442526,30.68966,104.01809
66903,P3,123.0,123.0,9985.0,9985.0,False,0.99,8.0,3633008400,30.6661111,104.0383593
80258,P3,123.0,123.0,14219.0,14219.0,False,0.82,8.0,1159155221,30.6442125,104.1015484
55646,P3,124.0,124.0,9574.0,9574.0,False,1.95,9.9,4693609808,30.6333912,104.0671674
80911,P3,124.0,124.0,10967.0,10967.0,False,0.31,8.0,5375783831,30.64984,103.99782
72443,P3,125.0,125.0,2456.0,2456.0,False,2.54,11.08,5359113178,30.6775472,104.0120031
57475,P3,125.0,125.0,5646.0,5646.0,False,0.31,8.0,1388412851,30.68087,104.06993
22775,P3,125.0,125.0,8239.0,8239.0,False,2.05,10.1,4701577722,30.6126567,104.071748
136577,P3,125.0,125.0,8613.0,8613.0,False,0.22,8.0,1500638714,30.6914699,104.0288192
153811,P3,125.0,125.0,8613.0,8613.0,False,0.22,8.0,3176012319,30.700264,104.07087
87644,P3,125.0,125.0,11320.0,11320.0,False,0.99,8.0,5211343343,30.6475098,104.0136731
3590,P3,126.0,126.0,2418.0,2418.0,False,1.14,8.28,2564226631,30.6436367,104.0235994
165855,P3,126.0,126.0,4087.0,4087.0,False,2.45,10.9,1159488324,30.69326,104.07259
38591,P3,126.0,126.0,4087.0,4087.0,False,2.45,10.9,3034409146,30.7152891,104.1071116
47282,P3,126.0,126.0,6499.0,6499.0,False,0.0,8.0,5016209424,30.7266505,103.9857982
32253,P3,126.0,126.0,7267.0,7267.0,False,1.62,9.24,3034330082,30.6633628,104.0871685
207872,P3,126.0,126.0,10010.0,10010.0,False,2.13,10.26,2933855161,30.6138332,103.9827606
107451,P3,126.0,126.0,12122.0,12122.0,False,2.9,11.8,3927877871,30.6765872,103.9878448
102173,P3,127.0,127.0,5307.0,5307.0,False,3.31,12.62,4701400723,30.624126,104.0932815
80319,P3,127.0,127.0,8627.0,8627.0,False,1.1,8.2,3523294436,30.65874,104.04175
154992,P3,127.0,127.0,8739.0,8739.0,False,0.79,8.0,4548259553,30.7141368,104.034166
6420,P3,127.0,127.0,8739.0,8739.0,False,0.79,8.0,4550018984,30.6508866,104.0565919
28422,P3,127.0,127.0,8852.0,8852.0,False,0.94,8.0,5359113195,30.6768274,104.010786
104667,P3,127.0,127.0,9465.0,9465.0,False,0.11,8.0,3541426298,30.702866,104.071724
155934,P3,127.0,127.0,13931.0,13931.0,False,2.63,11.26,3516900115,30.6727655,104.0744432
114268,P3,127.0,127.0,14259.0,14259.0,False,1.98,9.96,1159483868,30.6844889,104.0719629
46707,P3,127.0,127.0,14381.0,14381.0,False,0.04,8.0,3562047448,30.7092817,104.065306
28817,P3,128.0,128.0,6788.0,6788.0,False,1.23,8.46,1507363096,30.6969953,104.0801864
191958,P3,129.0,129.0,7304.0,7304.0,False,0.46,8.0,3034409136,30.7195895,104.0900763
142831,P3,129.0,129.0,12434.0,12434.0,False,0.99,8.0,2330199410,30.7196881,104.1127212
115327,P3,129.0,129.0,13308.0,13308.0,False,1.8,9.6,1305816678,30.649666,104.08253
191209,P3,130.0,130.0,6161.0,6161.0,False,0.39,8.0,3693248902,30.6644036,104.0323616
80386,P3,130.0,130.0,6161.0,6161.0,False,0.39,8.0,4782097009,30.6273549,104.0238794
192367,P3,130.0,130.0,7110.0,7110.0,False,1.01,8.02,672287939,30.6651337,104.0543904
40299,P3,130.0,130.0,8340.0,8340.0,False,1.42,8.84,628641785,30.68185,104.08454
32273,P3,130.0,130.0,11095.0,11095.0,False,0.94,8.0,441187228,30.6694666,104.0631212
127272,P3,130.0,130.0,12642.0,12642.0,False,0.9,8.0,4550019081,30.6488218,104.0727666
11066,P3,131.0,131.0,3622.0,3622.0,False,0.64,8.0,3034029044,30.6945124,103.99917
91673,P3,131.0,131.0,8609.0,8609.0,False,2.25,10.5,4444112359,30.7258416,104.1047748
183555,P3,131.0,131.0,8675.0,8675.0,False,0.75,8.0,672406288,30.6511704,104.0686696
302,P3,131.0,131.0,9062.0,9062.0,False,1.2,8.4,1295783636,30.6399288,104.0817141
130543,P3,131.0,131.0,9184.0,9184.0,False,1.73,9.46,4934383692,30.6143513,104.1140842
80819,P3,131.0,131.0,9439.0,9439.0,False,0.38,8.0,1861145350,30.67101,104.10994
105471,P3,131.0,131.0,9600.0,9600.0,False,1.14,8.28,4548211638,30.6650173,104.0630949
152332,P3,131.0,131.0,11461.0,11461.0,False,0.32,8.0,1916386454,30.6473557,104.0068671
159967,P3,132.0,132.0,5780.0,5780.0,False,0.82,8.0,3034409154,30.72016,104.07724
60332,P3,132.0,132.0,5780.0,5780.0,False,0.82,8.0,4550769600,30.6232735,104.1051174
7635,P3,132.0,132.0,9730.0,9730.0,False,2.24,10.48,1916530820,30.647494,103.9759719
102946,P3,133.0,133.0,2135.0,2135.0,False,1.53,9.06,4880298883,30.6217827,104.1011408
89280,P3,133.0,133.0,2585.0,2585.0,False,0.78,8.0,4549993425,30.705588,104.0381527
129035,P3,133.0,133.0,6596.0,6596.0,False,0.6,8.0,1159497947,30.69054,104.04059
148044,P3,133.0,133.0,13556.0,13556.0,False,0.99,8.0,4701577764,30.6230437,104.0808033
199116,P3,134.0,134.0,3629.0,3629.0,False,2.95,11.9,1469163951,30.6429274,104.0873072
121103,P3,134.0,134.0,6305.0,6305.0,False,2.41,10.82,1295783638,30.63917,104.07841
41867,P3,134.0,134.0,6305.0,6305.0,False,2.41,10.82,4505485126,30.6351228,104.0839511
36031,P3,134.0,134.0,6816.0,6816.0,False,1.15,8.3,3541376587,30.72281,104.0599
50331,P3,134.0,134.0,10325.0,10325.0,False,1.67,9.34,3541401919,30.6971738,104.0049791
7237,P3,135.0,135.0,3671.0,3671.0,False,0.92,8.0,4548141088,30.6188957,104.0747497
199055,P3,135.0,135.0,6869.0,6869.0,False,0.26,8.0,3597608246,30.718262,104.032005
208268,P3,135.0,135.0,10919.0,10919.0,False,2.22,10.44,3199773573,30.7002508,104.1103633
110635,P3,136.0,136.0,6138.0,6138.0,False,0.91,8.0,432432535,30.6542013,104.0440009
39347,P3,136.0,136.0,11750.0,11750.0,False,2.81,11.62,4903112572,30.6532597,104.074705
104448,P3,136.0,136.0,12768.0,12768.0,False,0.26,8.0,3541401904,30.6999243,104.0012048
21299,P3,136.0,136.0,12768.0,12768.0,False,0.26,8.0,4779165733,30.6210851,104.0265196
148820,P3,137.0,137.0,1581.0,1581.0,False,0.95,8.0,5141468769,30.6232689,104.0913158
55761,P3,137.0,137.0,9468.0,9468.0,False,1.61,9.22,3196147286,30.7108617,104.0213924
192349,P3,137.0,137.0,12881.0,12881.0,False,1.04,8.08,3724269696,30.6265975,104.1007529
52201,P3,138.0,138.0,2281.0,2281.0,False,0.67,8.0,2041527436,30.6861144,104.0951368
58299,P3,138.0,138.0,5825.0,5825.0,False,1.06,8.12,5218240019,30.7002164,104.048641
209350,P3,138.0,138.0,6322.0,6322.0,False,2.91,11.82,1964305089,30.6764683,104.1020409
12427,P3,138.0,138.0,7204.0,7204.0,False,0.47,8.0,2134782167,30.6223942,104.0086482
16906,P3,138.0,138.0,9116.0,9116.0,False,0.45,8.0,2135944710,30.6162114,104.0161195
178235,P3,138.0,138.0,9664.0,9664.0,False,1.14,8.28,5375784056,30.6575124,104.0004981
93039,P3,139.0,139.0,8236.0,8236.0,False,0.42,8.0,2399471758,30.64017,104.10314
1034,P3,139.0,139.0,8638.0,8638.0,False,1.3,8.6,4699007260,30.610022,104.0408881
67823,P3,140.0,140.0,9810.0,9810.0,False,2.16,10.32,1159231828,30.69419,104.08491
163691,P3,140.0,140.0,9811.0,9811.0,False,0.35,8.0,4903105794,30.672915,104.06758
32539,P3,140.0,140.0,10573.0,10573.0,False,0.26,8.0,1159488308,30.69002,104.07345
184955,P3,140.0,140.0,12369.0,12369.0,False,0.52,8.0,4794993822,30.6433157,104.070735
76283,P3,141.0,141.0,6407.0,6407.0,False,3.74,13.48,1947138487,30.68704,104.08615
56407,P3,141.0,141.0,6635.0,6635.0,False,1.42,8.84,4572409863,30.6613945,104.0383471
59199,P3,141.0,141.0,8543.0,8543.0,False,0.94,8.0,2908414015,30.6532424,104.0834861
46119,P3,141.0,141.0,8632.0,8632.0,False,1.31,8.62,5436607838,30.6359784,104.0640423
155138,P3,141.0,141.0,9255.0,9255.0,False,0.99,8.0,4548211612,30.6471577,104.0206618
106051,P3,141.0,141.0,10209.0,10209.0,False,0.19,8.0,314623162,30.6569104,104.0679409
152908,P3,142.0,142.0,4083.0,4083.0,False,0.21,8.0,1159175700,30.6187925,104.0714431
35480,P3,142.0,142.0,4171.0,4171.0,False,0.84,8.0,5141468736,30.632602,104.093576
114908,P3,142.0,142.0,4625.0,4625.0,False,0.12,8.0,439751949,30.7000954,104.0007721
168483,P3,142.0,142.0,6330.0,6330.0,False,1.44,8.88,1861145350,30.67125,104.10976
186772,P3,142.0,142.0,6468.0,6468.0,False,0.39,8.0,4987536553,30.6404953,103.9914348
5047,P3,142.0,142.0,8270.0,8270.0,False,2.25,10.5,1459057464,30.6466569,104.1080476
90733,P3,142.0,142.0,9320.0,9320.0,False,2.02,10.04,1506537728,30.715035,104.0719981
161619,P3,142.0,142.0,10499.0,10499.0,False,0.52,8.0,672406288,30.65168,104.06851
116591,P3,142.0,142.0,10816.0,10816.0,False,1.44,8.88,504315289,30.69934,104.10184
148258,P3,143.0,143.0,5715.0,5715.0,False,0.7,8.0,4601260484,30.6367311,104.0642349
194874,P3,143.0,143.0,5715.0,5715.0,False,0.7,8.0,5283966122,30.6507739,104.096601
88769,P3,143.0,143.0,5715.0,5715.0,False,0.7,8.0,1159155728,30.6463429,104.0969334
131423,P3,143.0,143.0,6882.0,6882.0,False,1.44,8.88,4118527451,30.7001145,104.0969195
50718,P3,143.0,143.0,8683.0,8683.0,False,1.23,8.46,2908413739,30.6457966,104.0893531
136475,P3,143.0,143.0,10778.0,10778.0,False,0.44,8.0,5213238605,30.6444221,104.0390722
144725,P3,144.0,144.0,4097.0,4097.0,False,0.29,8.0,1958204223,30.6680714,104.0845314
158861,P3,144.0,144.0,6762.0,6762.0,False,0.71,8.0,4772472222,30.6631423,104.0448994
205289,P3,144.0,144.0,7079.0,7079.0,False,0.84,8.0,4548209370,30.6626701,104.0536965
8175,P3,144.0,144.0,9541.0,9541.0,False,2.47,10.94,432442532,30.693975,104.01849
176494,P3,144.0,144.0,9663.0,9663.0,False,0.67,8.0,4772214788,30.6793795,104.006257
207972,P3,144.0,144.0,10151.0,10151.0,False,1.21,8.42,1916524800,30.6149145,103.985215
106163,P3,144.0,144.0,12313.0,12313.0,False,0.11,8.0,1159155007,30.65193,104.08635
16224,P3,145.0,145.0,2554.0,2554.0,False,0.89,8.0,2933855169,30.6099738,103.982876
161629,P3,145.0,145.0,5953.0,5953.0,False,1.65,9.3,5375783451,30.6231738,104.0080194
104587,P3,145.0,145.0,6888.0,6888.0,False,0.07,8.0,2334060843,30.6228964,104.0761516
109315,P3,145.0,145.0,6888.0,6888.0,False,0.07,8.0,4695601664,30.609359,104.04034
9465,P3,145.0,145.0,6888.0,6888.0,False,0.07,8.0,1301933033,30.6442836,104.0814852
83089,P3,145.0,145.0,6970.0,6970.0,False,1.88,9.76,2956775837,30.7156858,104.042216
159668,P3,145.0,145.0,7592.0,7592.0,False,0.74,8.0,5002301701,30.6910092,104.0356772
198881,P3,145.0,145.0,11598.0,11598.0,False,1.03,8.06,314614157,30.6112789,104.0499276
160386,P3,146.0,146.0,2578.0,2578.0,False,0.55,8.0,1159230555,30.6836121,104.0910298
149617,P3,146.0,146.0,6614.0,6614.0,False,0.52,8.0,4078817952,30.7020856,104.0813019
175585,P3,146.0,146.0,6985.0,6985.0,False,1.26,8.52,4695701808,30.6102404,104.0231
72520,P3,146.0,146.0,7243.0,7243.0,False,1.8,9.6,4548259680,30.7101529,104.0373462
128951,P3,146.0,146.0,7347.0,7347.0,False,0.33,8.0,1987226881,30.6663436,104.0488578
70000,P3,146.0,146.0,7347.0,7347.0,False,0.33,8.0,3582245796,30.7194804,103.9969478
57838,P3,146.0,146.0,12133.0,12133.0,False,0.77,8.0,4294975863,30.6375611,103.9964656
120197,P3,146.0,146.0,13270.0,13270.0,False,1.2,8.4,4782067665,30.626368,104.0286114
52823,P3,146.0,146.0,14020.0,14020.0,False,0.35,8.0,1459025656,30.6457345,104.1080679
200267,P3,147.0,147.0,1860.0,1860.0,False,1.69,9.38,3436486414,30.64434,104.04929
3683,P3,147.0,147.0,4720.0,4720.0,False,0.61,8.0,3742070461,30.650833,104.08585
160917,P3,147.0,147.0,5770.0,5770.0,False,1.93,9.86,5213238403,30.6359474,104.064871
75927,P3,147.0,147.0,5770.0,5770.0,False,1.93,9.86,4294975865,30.65101,103.99595
98759,P3,147.0,147.0,5770.0,5770.0,False,1.93,9.86,318083025,30.6726434,104.0190256
151958,P3,147.0,147.0,13534.0,13534.0,False,0.02,8.0,1159227850,30.6913669,104.0523676
130966,P3,148.0,148.0,1839.0,1839.0,False,1.98,9.96,5375784029,30.6578262,103.9884872
7971,P3,148.0,148.0,1839.0,1839.0,False,1.98,9.96,1492597857,30.6226874,104.066872
128032,P3,148.0,148.0,5780.0,5780.0,False,2.37,10.74,3069351961,30.6281566,103.9820995
36618,P3,148.0,148.0,7404.0,7404.0,False,1.45,8.9,2211339987,30.6310404,104.0937624
165465,P3,148.0,148.0,7585.0,7585.0,False,1.6,9.2,3925309355,30.6915443,104.1097703
193568,P3,148.0,148.0,12788.0,12788.0,False,2.38,10.76,2134792091,30.6500747,103.9831695
135097,P3,149.0,149.0,5158.0,5158.0,False,0.81,8.0,4638105424,30.7067866,104.0611202
143239,P3,149.0,149.0,5158.0,5158.0,False,0.81,8.0,1507236181,30.7113944,104.0780773
147917,P3,149.0,149.0,5632.0,5632.0,False,0.74,8.0,5102886106,30.7097068,103.9736521
153767,P3,149.0,149.0,5632.0,5632.0,False,0.74,8.0,2039550405,30.6696,104.1137
200226,P3,149.0,149.0,9340.0,9340.0,False,1.32,8.64,3516900114,30.6680637,104.0802444
79842,P3,149.0,149.0,10297.0,10297.0,False,2.68,11.36,2956775875,30.7003599,104.0367594
81381,P3,149.0,149.0,11360.0,11360.0,False,0.71,8.0,628641783,30.6804739,104.0895106
147459,P3,149.0,149.0,11457.0,11457.0,False,0.69,8.0,2981319480,30.7065632,104.0099932
174788,P3,150.0,150.0,7402.0,7402.0,False,0.27,8.0,1947584056,30.6834598,104.0834872
9695,P3,150.0,150.0,7402.0,7402.0,False,0.27,8.0,2956775838,30.716623,104.04691
204546,P3,150.0,150.0,8070.0,8070.0,False,2.23,10.46,5034783235,30.6258899,103.9692247
29413,P3,150.0,150.0,9515.0,9515.0,False,1.6,9.2,1916386425,30.6432891,104.0086412
51161,P3,150.0,150.0,9515.0,9515.0,False,1.6,9.2,5354813692,30.6605738,104.0607854
148642,P3,150.0,150.0,10948.0,10948.0,False,0.98,8.0,4701464739,30.614716,104.0620243
114992,P3,150.0,150.0,12996.0,12996.0,False,0.28,8.0,5141468696,30.6360241,104.0937883
198219,P3,150.0,150.0,14154.0,14154.0,False,0.13,8.0,5213238596,30.65854,104.0803
187904,P3,151.0,151.0,6376.0,6376.0,False,1.71,9.42,1916530825,30.6391487,103.9786219
150240,P3,151.0,151.0,8773.0,8773.0,False,0.19,8.0,3562110262,30.6483164,104.0223891
51249,P3,151.0,151.0,10895.0,10895.0,False,1.57,9.14,4548211231,30.6623306,104.058296
87203,P3,151.0,151.0,10895.0,10895.0,False,1.57,9.14,2712338400,30.7070407,104.0384171
56308,P3,151.0,151.0,13288.0,13288.0,False,0.68,8.0,628641734,30.6905232,104.0489147
54439,P3,152.0,152.0,1773.0,1773.0,False,0.03,8.0,3069351950,30.6248,103.97689
11253,P3,152.0,152.0,3903.0,3903.0,False,1.9,9.8,1492389309,30.6570094,104.0584137
40206,P3,152.0,152.0,8442.0,8442.0,False,0.16,8.0,5218133388,30.6488241,104.1093802
82936,P3,152.0,152.0,9484.0,9484.0,False,1.59,9.18,1159229836,30.6746432,104.0850109
21032,P3,152.0,152.0,10646.0,10646.0,False,0.33,8.0,1947583849,30.6895832,104.0875461
127876,P3,152.0,152.0,10798.0,10798.0,False,2.21,10.42,4078817952,30.7020856,104.0813019
9505,P3,152.0,152.0,13300.0,13300.0,False,0.45,8.0,5213238596,30.6581629,104.0810837
207998,P3,153.0,153.0,5543.0,5543.0,False,2.3,10.6,1458992380,30.6582352,104.0971331
154659,P3,153.0,153.0,7179.0,7179.0,False,0.87,8.0,2843289945,30.69966,104.05755
63337,P3,153.0,153.0,9612.0,9612.0,False,0.38,8.0,1159154995,30.6507357,104.0847852
59699,P3,153.0,153.0,10335.0,10335.0,False,1.64,9.28,2817580742,30.65987,104.11093
23561,P3,154.0,154.0,1496.0,1496.0,False,2.62,11.24,4585469576,30.6563651,104.060512
109925,P3,154.0,154.0,6719.0,6719.0,False,0.29,8.0,1460311248,30.6550785,104.1123548
61299,P3,154.0,154.0,6948.0,6948.0,False,1.48,8.96,1500638653,30.69481,104.02699
81622,P3,154.0,154.0,11817.0,11817.0,False,0.59,8.0,5213238504,30.6522155,104.0935782
13575,P3,154.0,154.0,12279.0,12279.0,False,0.85,8.0,4548209365,30.6230395,104.0837609
68936,P3,154.0,154.0,12845.0,12845.0,False,0.41,8.0,3034409015,30.7084608,104.0960167
68397,P3,155.0,155.0,11420.0,11420.0,False,0.73,8.0,4978441006,30.6888068,104.1164095
191319,P3,156.0,156.0,8306.0,8306.0,False,1.46,8.92,3034029058,30.68398,104.00165
199968,P3,157.0,157.0,5869.0,5869.0,False,1.69,9.38,3683788271,30.6091845,104.0848032
120523,P3,157.0,157.0,6012.0,6012.0,False,1.44,8.88,1159148557,30.66373,104.07153
52215,P3,157.0,157.0,9159.0,9159.0,False,0.27,8.0,1159478530,30.6769054,104.05131
135447,P3,157.0,157.0,12751.0,12751.0,False,1.74,9.48,432442576,30.6845446,104.0280711
100979,P3,157.0,157.0,14074.0,14074.0,False,1.35,8.7,4693609981,30.62918,104.0716
181897,P3,158.0,158.0,740.0,740.0,False,2.12,10.24,4548259383,30.6592136,104.0384447
81835,P3,158.0,158.0,5091.0,5091.0,False,1.22,8.44,4548259506,30.6541032,104.0386521
55347,P3,158.0,158.0,7013.0,7013.0,False,1.48,8.96,4548211598,30.67667,104.03989
140025,P3,158.0,158.0,8739.0,8739.0,False,1.48,8.96,3199773565,30.7001212,104.114449
52469,P3,158.0,158.0,13682.0,13682.0,False,0.88,8.0,2981056908,30.629219,104.0766189
164671,P3,159.0,159.0,3882.0,3882.0,False,1.36,8.72,1916386528,30.6386243,104.0595409
66251,P3,159.0,159.0,8183.0,8183.0,False,1.36,8.72,441159818,30.7174666,104.1011618
128272,P3,159.0,159.0,9856.0,9856.0,False,2.04,10.08,2135946750,30.6243982,104.0048233
57486,P3,159.0,159.0,11102.0,11102.0,False,0.33,8.0,672360506,30.6656659,104.0853876
140164,P3,159.0,159.0,13315.0,13315.0,False,1.31,8.62,4550018923,30.648867,104.072554
159565,P3,159.0,159.0,13764.0,13764.0,False,1.89,9.78,4987536555,30.6412093,103.9937178
75440,P3,160.0,160.0,8399.0,8399.0,False,0.25,8.0,5218240019,30.7002164,104.048641
190188,P3,160.0,160.0,11487.0,11487.0,False,0.67,8.0,4701464385,30.6173917,104.0644502
178710,P3,160.0,160.0,12634.0,12634.0,False,1.17,8.34,2690137361,30.709609,104.0180645
181162,P3,160.0,160.0,12634.0,12634.0,False,1.17,8.34,4772430862,30.6783348,104.0057852
128253,P3,161.0,161.0,5332.0,5332.0,False,0.74,8.0,1159935140,30.6705902,103.9977122
142485,P3,161.0,161.0,5728.0,5728.0,False,0.3,8.0,4693609815,30.6341448,104.0701769
9719,P3,161.0,161.0,9076.0,9076.0,False,2.21,10.42,432429420,30.63515,104.03677
182483,P3,161.0,161.0,10533.0,10533.0,False,1.39,8.78,1159155221,30.64403,104.10152
50521,P3,161.0,161.0,11555.0,11555.0,False,2.09,10.18,1507363096,30.6969953,104.0801864
95823,P3,162.0,162.0,6393.0,6393.0,False,0.88,8.0,3541429493,30.71245,104.05072
182803,P3,162.0,162.0,7957.0,7957.0,False,0.5,8.0,4695662941,30.6124329,104.0313215
84397,P3,162.0,162.0,8708.0,8708.0,False,1.64,9.28,4548258448,30.6545741,104.0111077
38673,P3,162.0,162.0,12721.0,12721.0,False,2.05,10.1,1072704379,30.7033562,104.0770448
1760,P3,163.0,163.0,7233.0,7233.0,False,0.89,8.0,1504245916,30.7048412,104.0759451
37231,P3,163.0,163.0,7824.0,7824.0,False,1.67,9.34,3680455710,30.6593521,104.0170666
108617,P3,163.0,163.0,8770.0,8770.0,False,0.12,8.0,4078817932,30.7044827,104.0812617
38341,P3,163.0,163.0,8774.0,8774.0,False,0.68,8.0,2908404375,30.6459306,104.0928213
72756,P3,163.0,163.0,10128.0,10128.0,False,1.78,9.56,3113656970,30.6657565,104.0485473
12967,P3,163.0,163.0,13583.0,13583.0,False,0.12,8.0,2712338400,30.7070407,104.0384171
174515,P3,164.0,164.0,6331.0,6331.0,False,1.32,8.64,4900292688,30.67017,104.06455
208338,P3,164.0,164.0,7071.0,7071.0,False,0.59,8.0,4548141018,30.6250482,104.0743621
115609,P3,164.0,164.0,13550.0,13550.0,False,0.9,8.0,4106681902,30.6108041,104.0028994
121798,P3,164.0,164.0,13816.0,13816.0,False,0.3,8.0,1492408885,30.6398713,104.0638828
89396,P3,165.0,165.0,6775.0,6775.0,False,1.91,9.82,1459023389,30.6442939,104.1109403
105614,P3,165.0,165.0,7547.0,7547.0,False,3.27,12.54,3541427562,30.7068456,104.0316989
112756,P3,165.0,165.0,7547.0,7547.0,False,3.27,12.54,337539216,30.624373,104.0353002
140,P3,165.0,165.0,9801.0,9801.0,False,0.53,8.0,3076737454,30.6616917,104.0535075
28476,P3,165.0,165.0,10080.0,10080.0,False,0.11,8.0,3541401919,30.6971738,104.0049791
67471,P3,166.0,166.0,6346.0,6346.0,False,1.68,9.36,3562028086,30.68063,104.11622
26263,P3,166.0,166.0,7359.0,7359.0,False,0.39,8.0,4548211255,30.67919,104.04061
164295,P3,166.0,166.0,12941.0,12941.0,False,0.11,8.0,1964578647,30.663076,104.11617
98162,P3,167.0,167.0,5151.0,5151.0,False,0.37,8.0,1159223969,30.7084437,104.038858
185095,P3,167.0,167.0,7194.0,7194.0,False,1.37,8.74,3445777694,30.64013,104.10465
105469,P3,167.0,167.0,7730.0,7730.0,False,2.15,10.3,1492633099,30.6218826,104.0646505
109107,P3,167.0,167.0,10196.0,10196.0,False,1.97,9.94,5310712645,30.65881,104.1094
19287,P3,168.0,168.0,2234.0,2234.0,False,1.38,8.76,432442534,30.697556,104.015976
157286,P3,168.0,168.0,6280.0,6280.0,False,1.29,8.58,4505485119,30.6365255,104.0757609
29871,P3,168.0,168.0,7045.0,7045.0,False,0.33,8.0,4772214764,30.6799822,104.0050337
169275,P3,168.0,168.0,11077.0,11077.0,False,1.46,8.92,4548259333,30.68747,104.04687
183819,P3,168.0,168.0,13690.0,13690.0,False,2.02,10.04,1459057462,30.6448957,104.1069577
18178,P3,169.0,169.0,5752.0,5752.0,False,0.82,8.0,3069351961,30.6281566,103.9820995
183002,P3,169.0,169.0,5752.0,5752.0,False,0.82,8.0,4549992865,30.6929126,104.0376831
62677,P3,169.0,169.0,9626.0,9626.0,False,1.73,9.46,4934383696,30.6132876,104.112267
75204,P3,169.0,169.0,11921.0,11921.0,False,0.33,8.0,4106682180,30.6570925,103.9807985
60892,P3,169.0,169.0,13311.0,13311.0,False,1.4,8.8,5375783458,30.6223245,104.0078639
35762,P3,170.0,170.0,4844.0,4844.0,False,0.26,8.0,5213238526,30.6354076,104.0487645
51651,P3,170.0,170.0,5533.0,5533.0,False,0.83,8.0,1458981267,30.661474,104.09635
28850,P3,170.0,170.0,6662.0,6662.0,False,2.21,10.42,4701400719,30.6226229,104.0678905
156565,P3,170.0,170.0,6993.0,6993.0,False,0.27,8.0,4217837238,30.6287051,104.0445607
186589,P3,170.0,170.0,7204.0,7204.0,False,0.44,8.0,2366951323,30.6480711,104.1134414
143280,P3,170.0,170.0,8657.0,8657.0,False,1.51,9.02,5141468645,30.6337168,104.092846
47335,P3,170.0,170.0,11594.0,11594.0,False,2.07,10.14,1305816747,30.6436968,104.0831923
97093,P3,170.0,170.0,13217.0,13217.0,False,2.22,10.44,1457841123,30.6983327,104.1044663
203379,P3,170.0,170.0,13601.0,13601.0,False,0.36,8.0,1159226738,30.69856,104.05746
120876,P3,171.0,171.0,3668.0,3668.0,False,0.13,8.0,4989782355,30.6837988,104.0589449
29892,P3,171.0,171.0,5240.0,5240.0,False,2.14,10.28,4572365814,30.6773685,104.057906
71276,P3,171.0,171.0,7604.0,7604.0,False,1.45,8.9,803150974,30.6811238,104.0939379
106667,P3,171.0,171.0,7951.0,7951.0,False,0.29,8.0,3742070457,30.647608,104.08934
25822,P3,171.0,171.0,11320.0,11320.0,False,0.75,8.0,4934383695,30.6133222,104.1123815
160215,P3,171.0,171.0,12085.0,12085.0,False,1.03,8.06,2213049521,30.6190829,104.1093596
22852,P3,171.0,171.0,12085.0,12085.0,False,1.03,8.06,672282820,30.6576313,104.1025681
170919,P3,172.0,172.0,6855.0,6855.0,False,1.17,8.34,1458975864,30.6628309,104.0918029
28017,P3,172.0,172.0,7734.0,7734.0,False,3.63,13.26,5213238494,30.6460462,104.0431128
79082,P3,172.0,172.0,8511.0,8511.0,False,0.6,8.0,4549993291,30.6501848,103.9847515
187450,P3,173.0,173.0,4994.0,4994.0,False,1.35,8.7,1159169335,30.6391357,104.0839256
71463,P3,173.0,173.0,9730.0,9730.0,False,0.8,8.0,1459003960,30.65904,104.10154
98497,P3,173.0,173.0,11349.0,11349.0,False,0.88,8.0,4695601664,30.609359,104.04034
79707,P3,174.0,174.0,1688.0,1688.0,False,1.86,9.72,4550018867,30.63091,104.01546
142969,P3,174.0,174.0,7292.0,7292.0,False,1.0,8.0,3582243027,30.7209293,104.0097864
141632,P3,174.0,174.0,7850.0,7850.0,False,1.3,8.6,1504184877,30.7133046,104.0780528
190697,P3,174.0,174.0,9231.0,9231.0,False,1.14,8.28,4102465470,30.6811188,104.0453964
81406,P3,174.0,174.0,9437.0,9437.0,False,1.51,9.02,4218012539,30.6250297,104.0420657
155757,P3,175.0,175.0,1885.0,1885.0,False,1.0,8.0,2691023148,30.7208695,103.9825138
148641,P3,175.0,175.0,5142.0,5142.0,False,3.24,12.48,4393165156,30.6224558,104.0637896
84515,P3,175.0,175.0,5506.0,5506.0,False,1.73,9.46,2039522710,30.67301,104.10768
154474,P3,175.0,175.0,7924.0,7924.0,False,0.86,8.0,3562033468,30.7085475,104.0749813
169036,P3,175.0,175.0,11820.0,11820.0,False,0.21,8.0,4723840162,30.6505154,104.072176
116273,P3,175.0,175.0,11942.0,11942.0,False,0.44,8.0,4106681986,30.6422666,103.9813306
162855,P3,175.0,175.0,11942.0,11942.0,False,0.44,8.0,1460306173,30.6548038,104.1122954
167893,P3,175.0,175.0,13717.0,13717.0,False,1.8,9.6,4981594485,30.6299603,103.9918807
107920,P3,176.0,176.0,5783.0,5783.0,False,1.26,8.52,3654914807,30.7062194,104.0021576
36498,P3,176.0,176.0,6044.0,6044.0,False,0.14,8.0,4550018967,30.6328134,103.9804594
66907,P3,176.0,176.0,7160.0,7160.0,False,1.03,8.06,4548211638,30.66464,104.0628
190138,P3,176.0,176.0,14231.0,14231.0,False,3.29,12.58,4548259378,30.6532955,104.029674
14539,P3,177.0,177.0,8868.0,8868.0,False,0.66,8.0,1756193219,30.6382746,104.0289902
51527,P3,177.0,177.0,13854.0,13854.0,False,0.76,8.0,4548259386,30.680044,104.05323
92907,P3,178.0,178.0,5523.0,5523.0,False,0.86,8.0,1072698668,30.7124066,104.0904658
29501,P3,178.0,178.0,6037.0,6037.0,False,0.41,8.0,4695640582,30.6128068,104.0270076
181856,P3,178.0,178.0,6038.0,6038.0,False,0.44,8.0,4449099824,30.6422787,104.1148706
51180,P3,178.0,178.0,6548.0,6548.0,False,1.36,8.72,1445485650,30.6359353,104.0631555
177336,P3,178.0,178.0,6921.0,6921.0,False,1.11,8.22,803149786,30.6791052,104.0920183
98227,P3,178.0,178.0,10416.0,10416.0,False,0.5,8.0,1459039140,30.64488,104.10592
6860,P3,178.0,178.0,11703.0,11703.0,False,0.57,8.0,5218240008,30.6985323,104.0537409
85463,P3,179.0,179.0,6217.0,6217.0,False,0.22,8.0,5422574947,30.693499,104.07668
96730,P3,179.0,179.0,7035.0,7035.0,False,1.13,8.26,1756176911,30.6764481,104.0706278
166299,P3,180.0,180.0,7358.0,7358.0,False,1.41,8.82,432432551,30.65828,104.04522
111964,P3,180.0,180.0,9534.0,9534.0,False,0.99,8.0,432432523,30.6548405,104.0512776
17442,P3,180.0,180.0,9534.0,9534.0,False,0.99,8.0,1815741570,30.6864039,104.0764746
178657,P3,180.0,180.0,10655.0,10655.0,False,1.56,9.12,4106682123,30.6445795,103.9826903
161343,P3,180.0,180.0,13805.0,13805.0,False,0.91,8.0,4548259531,30.7004249,104.0366825
21447,P3,180.0,180.0,13853.0,13853.0,False,0.03,8.0,4693610161,30.63434,104.0681102
